Company Name,Phone,Location,Email
First Class Motorcycles Yamaha Spare Parts,03 9739 7277,"26 John Street, Lilydale, 3140",
City Motorcycle Spares,07 3808 5844,"2/51 Moss Street, Slacks Creek, 4127",
Redfern Motorcycle Spares,02 9698 1678,"72 William, REDFERN",
British Motorcycle Spares,02 9627 3090,"190 Bocks Rd, Oakville, 2765",
Queensland Motorcycle Spares,07 3808 5844,"81 Moss St, Slacks Creek, 4127",
Recycle Motorcycle Spares,08 9361 0073,"65 Oats Street, Carlisle, 6101",
Metropolitan Motorcycle Spares Nsw,02 9748 7400,"90 Silverwater Road, Silverwater, 2128",
Browns Plains Motorcycle Spares,07 3800 3666,"22 Central Crt, Browns Plains, 4118",
Motorcycle Parts,07 5463 0088,"Box 189, BOONAH, 4310",support@motorcyclepartswarehouse.co.uk
Gladesville Auto Spare Parts,02 9816 2522,"296 Victoria Rd, GLADESVILLE",
Gaitex Auto Spare Parts,02 9716 7430,"119 Smith, Summer Hill",
Elite Spare Parts,08 9497 4070,"5 Locksley Avennue, Armadale, 6112",
Pro Motorcycle Parts,1300 857 258,,
Collie Motorcycle Parts,08 9734 2090,"128 Forrest Street, Collie, 6225",
Motorcycle Parts and Gear,08 8562 4725,"7 Gawler Street, Nuriootpa, 5355",
Brisbane Motorcycle Spares and Repairs,0448 005 024,"3 Spine Street, Sumner Park Bc, 4074",
Remar Motorcycle Spares,03 5633 3219,"26 Saleyards Road, Trafalgar, Victoria, 3824",
U.S. Motorcycle Parts Wholesale,08 9361 4884,"211 Albany Highway, Victoria Park, 6100",
Stoverat Motorcycles,07 4779 9926,"35 Rendle Street, Aitkenvale, 4814",
Spare Parts Online,0414 869 843,"Hartley, 2790",info@sparepartsonline.in
Wizard Motorcycles Mobile Motorcycle Repairs,07 3355 0493,"PO Box 6108, Mitchelton, 4053",
Granville Spares,02 9632 9449,"120 Fairfield St, Fairfield, 2165",
Guildford Spares,02 9632 3888,"242 Guildford Rd, GUILDFORD",
Discount Motorcycle Wreckers,03 9350 4417,"BATMAN, 3058",
F1MOTO MOTORCYCLE PARTS SUPERSTORE,02 4631 2599,"Unit 13 / 8-10 Technology Drive, Appin, 2560",
Vintage Motorcycle Parts,0447 846 444,,
British Motorcycle,07 3391 7322,"Brisbane, 4101",andrew@britishmotorcyclegear.com
Guzzi Spares,0414 901 837,,
Mick Hone Motorcycles,03 9899 6661,"715 Whitehorse Road, Mont Albert, 3127",imports@mickhone.com.au
Muller Motorcycles,07 4121 6630,"85 Gympie Road, Maryborough, 4650",
Brisan Motorcycles,02 4940 8777,"250 Maitland Road, Islington, 2296",sales@brisans.com.au
Brisons Motorcycle Wreckers,02 9684 1881,"5 South Street, Rydalmere, 2116",
Chamo's Motorcycles,08 8284 3703,"13 Charlotte Street, Smithfield, 5114",
Yamaha Parts,03 9739 7277,"26 John St., Lilydale, 3140",
Condell Park Spares,02 9708 3325,"128 Edgar, CONDELL PARK",
Classic Z Spares,02 4942 1134,"Newcastle, 2300",
B & J Spares,02 9858 4144,"205 Rowe, Eastwood",andrew.pipes@booking.com
Mojocycle Parts Australia,03 9758 2033,"63 Station Street, Fern Tree Gully, 3156",
Motorcycle Country,07 5482 6911,,
Ongmac Motorcycle Centre,02 6622 2004,,
Hervey Bay Motorcycles,07 4194 5466,,
Magnum Motorcycles,02 4244 3575,"96A Flinders Street, Wollongong, 2500",
Nazzari's Spare Parts,08 9451 1900,"404 Orrong Rd, Welshpool, 6106",
Culum Japanese Spares,02 9816 2522,"296 Victoria Rd, GLADESVILLE",
Spare Parts R Us,02 4735 4788,"Unit 3 - 135 Russell Street, Emu Plains, 2750",
Brookys Motorcycle Accessories,1300 770 556,"1/267 Harbord Road, Dee Why, 2099",sales@brookys.com.au
all motorcycle wreckers,02 9525 5913,"4 B Toorak Avenue, Taren Point, 2229",
Total Motorcycle Accessories,08 9472 3030,"1028 Albany Highway, East Victoria Park, 6101",
Grey Import Spares,07 3350 3626,"P.O. Box 453, Chermside Business Centre, 4011",
Bert Kingston Spares,07 3868 1662,"464 Kingsford Smith Drv, Hamilton Central, 4007",
Spare Parts Service,02 9744 2970,"32 Tangarra, CROYDON PARK",
Morisset Spare Parts,02 4973 1189,"117 Dora St, Morisset, 2264",
Blacktown Bikes & Spares,02 9831 2036,"54 Sunnyholt Rd, Blacktown, 2148",
King Spare Parts,02 9721 0029,"98 Fairfield Street, Fairfield, 2165",
Scottys Dirt Bike Spares,03 9870 0099,"64 Maroondah Hwy, Ringwood, 3134",
Reservoir Spare Parts,03 9480 4955,"226 Plenty Rd, Preston, 3072",
K.D. Spare Parts,02 9790 2398,"289 Chapel Rd, Bankstown, 2200",
Heidelberg Spare Parts,03 9457 3437,"141 Bell, Heidelberg West",
Brennan Spare Parts,02 9618 7004,"Shop 4 Hosking Crs, GLENFIELD",
Harley Spares & Repairs,02 6262 3288,"Essington St, Mitchell, 2911",
Dennis Merrifield Spares & Repairs,03 9899 6150,"697 Whitehorse Rd, Box Hill, 3128",
Parts,02 4777 4520,"100-102 Hopkins St, Moonah, 7009",jon@partsgeek.com
Whinner Motorcycles,03 8794 8087,"Whinner Motorcycles a division of Change Parts 38-40 Melverton Dr, Hallam, 3803",info@whinnermotorcycles.com.au
City Edge Motorcycles,1300 453 875,"151-153 Geelong Road, Footscray, 3011",info@cityedgemotorcycles.com.au
Motorcycle Cosmetics,03 9798 6560,"218 Chetlenham Rd, Keysborough, 3173",
G.A.S. Automotive Spare Parts,02 9579 2555,"598 Forest Rd, Penshurst, 2222",
Action Motorcycles,02 9212 1122,"SYDNEY, 2000",
Allterrain Motorcycles,03 5831 7377,"8-10 Broomfield Street, Shepparton, 3630",
Victorian Motorcycle Wreckers,03 9457 1733,"Heidelberg West, 3081",
Riverina Motorcycles Yamaha & Kawasaki,02 6925 1418,"348 Edward Street, Wagga Wagga, 2650",
All Cycle Used Spares,07 5482 7211,"6 Barter St, Gympie, 4570",
Motorcycle Wreckles,03 9562 8488,"2061 Princes Hwy, Clayton",
Southside Motorcycles,03 9529 7771,"64 Punt Road, WINDSOR, 3181",
Bolton Motorcycles,03 5422 2255,"Showroom & Service Centre, Kyneton, 3444",darren.gough@boltonmotorcycles.co.uk
Auto Spare Parts Shack,0415 807 498,"Location 51 Orchard Road Brookvale, Sydney, 2097",
Rite Spare Parts,02 9822 2284,"Warwick Farm, 2170",
Trojan Classic Motorcycles,02 9759 6990,"4/117 Punchbowl Road, Belfield, 2191",info@trojanclassics.com
Pro Motorcycles,07 3810 3999,"359 Brisbane St, West Ipswich, 4305",paulp@promotorcycles.com.au
Raceway Motorcycle,03 9351 0055,"Niddrie, 3042",
Mbw Motorcycle,1800 673 793,,
Maryborough Motorcycle,07 4121 6630,"85 Gympie Road, Maryborough, 4650",
Kawi King Motorcycle Wreckers,02 4472 4848,"PO Box 555, Batemans Bay, 2536",
Gardiner's Spare Parts,02 9546 3122,"387 Princes Hwy, Carlton, 2218",
Botany Motorcycles,1300 379 992,"PO Box 243, Botany, 2019",
Don Kyatt Spare Parts,03 9329 8200,"172 Roden St, West Melbourne, 3003",
Charles Auto Spare Parts,02 9727 4386,"224 Cabramatta Rd, CABRAMATTA",
Motorcycle Movers,0411 788 999,"Ballajura, 6066",chase@motorcyclemovers.co.nz
Westside Motorcycles,03 9364 2201,"256 McIntyre Road, Sunshine North, 3020",
Triton Motorcycles,03 9435 7444,"Factory 4 10-14 Simms Rd, Greensborough, 3088",
Yamwreck Motorcycles,03 9807 8376,"18 Yooralla, ASHWOOD",
Victor Motorcycles,08 8552 3601,"14 Adelaide Road, Hayborough, 5211",info@victormotorcyclesltd.com
Ringwood Motorcycles,03 9870 3807,"5 Heatherdale Rd, Ringwood, 3134",
Peninsula Motorcycles,03 9876 9999,"38 Wells Rd, Seaford, 3198",
Mr Motorcycles,03 9576 7012,"460 North Rd, Ormond, 3204",craig@mrmotorcycles.co.nz
Geoff's Auto Spares,03 5721 7400,"118 Greta Rd, Wangaratta, 3677",
Wayne Leonard Motorcycles,07 4051 2741,"32-34 Water St, Cairns, 4870",
Q.P.D. Auto Spare Parts,07 3208 7488,"15 Moss St, Slacks Creek, 4127",
City Coast Motorcycles,02 4228 7392,"262 Keira Street, Wollongong, 2500",brett@citycoastmotorcycles.com.au
Ontrak Motorcycles,03 9360 0225,"1/12 Hammer Court, Hoppers Crossing, 3029",
Perth Motorcycles,0421 334 556,"Perth, 6000",
Diesel Spare Parts,02 9714 2500,,
Hills Motorcycle Wreckers,02 9674 3844,"1/47 Prince William Drive, Seven Hills, 2147",enquires@hillsmotorcyclewreckers.com.au
British Motor Cycle Spares,02 9635 8444,"105- 107 Church St, Parramatta, 2150",
Motorcycle Empire,02 9569 9090,"709-711 Parramatta Road, Leichardt, 2040",
Fastline Motorcycles,03 9419 4172,"Abbotsford, 3067",
Highside Motorcycles,03 9465 5566,"12 Bostock Crt, Thomastown, 3074",sales@highsidemotorcycles.com.au
B.T.X. Motorcycles,03 9752 2011,"Ferntree Gully, 3156",
Ace Motorcycles,03 9457 2723,"46 Bell St, Heidelberg, 3084",info@acemotorcycles.at
Advantage Motorcycles,03 9360 0006,"357- 359 Old Geelong Rd, Hoppers Crossing, 3029",
Mini Auto Spare Parts,1300 360 097,"14 Chilvers Rd, Thornleigh, 2120",
Recycled Motorcycles,03 9735 4433,"Factory 13, Lilydale Industrial Park 101-155 Beresford Rd, Lilydale, 3140",
Motorcycle Specialties Qld,07 3375 6600,"Fulcrum St, Richlands, 4077",
Mv Spares,02 9654 2412,"PO Box 160, Kenthurst, 2156",
Wisconsin Sales Service & Spare Parts,03 9338 0144,"13 Luisa Ave, Dandenong, 3175",
Gasgas Parts,02 9477 1443,"1/85 Hunter Lane, Hornsby, 2077",
Sms Diesel Spare Parts,02 9714 2500,,
Direct Motorcycle Recovery,0417 802 426,"Ingle Farm, 5098",
Smiths Motorcycle Painting,03 9585 2665,"Fctry 28 354- 366 Reserve Rd, Cheltenham, 3192",
Northern Motorcycle Centre,08 8182 3366,"Unit 1, 1395 Main North Rd, Para Hills West",
Morrell's Motorcycle Painting,08 8351 7088,"325 South Rd, Mile End, 5031",
Australian Motorcycle Accessories,03 9878 4700,"17 Moncrief Rd, Nunawading, 3131",
Adelaide Motorcycle Accessories,08 8212 5451,"271 Morphett St, Adelaide, 5000",
Adelaide Motorcycle Recovery,0414 701 678,"PO Box 1217, Victor Harbor, 5211",
Motorcycle Mart,08 9274 3555,"106-108 Morrison road, Perth, 6056",
Suncity Motorcycles,08 9921 6888,"1/69 Flores Rd, Webberton, WA, 6530",info@suncitymotorcycles.com.au
TDM Parts,02 4577 6500,"70 Macquarie St., Windsor, NSW, 2756",
Central Motorcycles,03 9540 0866,"259 Huntingdale Rd, Huntingdale, 3166",
Maddington Motorcycle Wreckers,08 9493 4429,"UNIT6 34 Davison Street, Maddington, 6109",
Pro Formance Spare Parts,07 3274 4769,"1 Stockwell Pl, Archerfield, 4108",
Custom Motorcycle Services,03 9761 0333,"Factory 2 29 London Drv, Bayswater, 3153",
V & T Spare Parts,02 9727 6128,"105a Tangerine St, Fairfield, 2165",nathan.brudnik@vimeo.com
St George Spare Parts,02 9744 1888,"139-141 Liverpool Rd, ENFIELD",
A ABC Spare Parts,02 3379 9644,"2143 Ipswich Rd, Oxley, 4075",
KATO PRO MOTORCYCLES,03 9747 0583,"3 Buttercup Rise, Melton West, 3337",
Honda Motorcycles,03 9791 8912,"94 Foster Rd, Cnr Cheltenham Rd, Dandenong, 3175",
Motorcycles Melbourne,0405 667 889,"Melbourne, 3000",
Northern Thunder Motorcycles,07 4035 6469,"2/193 Hartley Street, Portsmith, 4870",
Mg Spare Parts,02 9609 3988,"97-103 Victoria Street, Smithfield, 2164",
Chinchilla Spare Parts & Bearings,07 4662 7121,"73 Heeney St, Chinchilla, 4413",
All Motorcycle Wreckers,08 9517 4144,"347 Princes Hwy (Cnr Frederick Street), St Peters, 2044",
Cycle Parts,07 5463 5910,,info@cyclepartsnation.com
Aussie Motorcycle Imports,03 9702 4055,"Factory 3,72-74 Hallam Rd, Hallam, 3803",
MR Motorcycle Dismantlers,08 8263 3341,"154 Smart Rd, Agnes, 5097",
Apc Motorcycles,07 3892 1144,"Tarragindi, 4121",
Maroondah Motorcycles,03 9870 1755,"4 Olive Gr, Ringwood, 3134",
Motorcycle Auctions,08 9274 7466,"337 Great Eastern Highway, Midland, 6056",
Worthington BMW Motorcycles,02 4340 9988,"1 Kangoo Road, Kariong, 2250",
Mrd Motorcycles,0414 938 354,"53 Richmond Road, Blacktown, 2148",
Tucker Motorcycles,08 8391 5058,"6a Secker Rd, Mount Barker, 5251",
MTM Motorcycle Tyres & Mechanical,07 3265 4966,"Unit 5 / 4 Ferric Street, Virginia, 4014",
Simca - Specialist Motorcycle Repairers,07 3290 3102,"Unit 4/22-26 Allgas Street, Slacks Creek, 4127",
netbikes Motorcycle Auctions,0422 819 200,"6 Allamanda Place, Mount Gravatt East, 4122",
American Motorcycles,08 9361 4884,,help@amspecialtiesusa.com
Stacker Motorcycles,03 9357 8815,"Fac 15 / 36 Merri Concourse, Campbellfield, 3061",
Melbourne Motorcycle Tyres,03 9329 4744,"386 Queensberry, North Melbourne",
Motorcycle Empire Sydney,02 9569 9090,"709-711 Parramatta Road, Leichhardt, 2040",
Freedom Motorcycles,02 9938 4777,"Unit 3/40 Roger Street, Brookvale, 2100",
Parts Pro,1800 673 793,"PO Box 1395, Stafford, 4053",marketing@partspro.ph
Lismore Motorcycles,02 6621 8011,,neil@liscycles.com.au
Fraser Motorcycles,02 8741 3000,,
geraldton motorcycle wreckers,0417 171 587,"57SUNNYBANKS Drive, Geraldton, 6530",
Apw Motorcycles,02 9905 3748,"14 Winbourne Road, Brookvale, 2100",service@apwmotorcycles.com.au
Angrys Motorcycle Worx.[formerly Legends motorcycle Mechanical],0449 861 488,"Shed 2/19 High Street, Kipparing, 4021",
Beaconsfield Motorcycle Supermarket,02 9318 0008,"376 Botany Road, Beaconsfield, 2015",
ASI Motorcycles,08 8326 2800,"SHOP3/48 O'Sullivan Beach Road, Lonsdale, 5160",
Platinum Motorcycles,03 9336 7278,"Keilor East, 3033",info@platinummotorcycles.com.au
Tiaro Motorcycle Wreckers,07 4129 2771,"123 Blackmount Road, Tiaro, 4650",
Brookvale Spares Parts Plus,02 9938 5555,"38 Winbourne Road, Brookvale, 2100",
Global Motorcycle Wreckers,03 9793 5440,"Factory 48/ 22 Dunn Crescent, Dandenong, 3175",
G.williams Motorcycle Engineering,03 9782 5433,"1/19 Milne Ave, Seaford, 3198",
Diabolus Motorcycle Engineering,03 9587 4578,"Factory 2 233 Boundary Rd, Mordialloc, 3195",
Moorabbin Motorcycle Engineering,03 9585 0636,"22 Mills, Cheltenham",
A.B. Motorcycle Salvage,08 8326 2622,"30 Aldershot Rd, Lonsdale, 5160",
A1 Quality Spare Parts,02 4987 4704,,info@a1qualityspareparts.com.au
Ace Motorcycle Wreckers,03 9457 2723,"2/14 Aileen Avenue, Heidelberg West, 3081",
Gc Motorcycles,08 8344 7888,,edgallo@gcmotorcycles.com
Motorcyles Perth - Savage Motorcycles,08 9274 4866,"Corner Stanhope Gardens & Great Eastern Hwy, Midvale, Perth, Western Australia, 6056",
Classic Japanese Motor Cycle Spares,02 9556 1162,"210 Princes Hwy, Arncliffe, 2205",
G B Motorcycles,0408 553 616,"21 Brougham St, Eltham, 3095",
Fat Pig Motorcycles,08 8285 7866,"37 Bremen Drv, Salisbury South, 5106",
Union Jack Motorcycles,03 9387 9792,"117 Lygon, Brunswick East",
Raging Age Motorcycles,03 9399 1324,"192 Mason, Newport",
Peter Sharp Motorcycles,03 9758 3624,"Ferntree Gully, 3156",
K. & M. Motorcycles,08 8234 1090,"10 Deacon Ave, Richmond, 5033",allie.ferrari@kohls.com
Blacktop Motorcycle Works,0414 477 823,"48 Clark Street, Clifton, 4361",
A 1 Motorcycles,03 9870 1256,"68 Maroondah Hwy, Ringwood, 3134",sales@a1motorcycles.co.uk
MORGAN'S MOTORCYCLES,08 9842 1119,"4 Sanford Road, Albany, 6330",
MAXPOWER MOTORCYCLES,02 4285 9793,"619 Princes Highway, Russell Vale, 2500",
BM Motorcycles,03 9870 3807,"5 Heatherdale Road, Ringwood, 3134",info@bmmotorcycles.com.au
SMART Motorcycle Accessories,0438 432 751,"Suite 310 52 Currumbin Creek Road, Currumbin Waters, 4223",
Bowral Motorcycles,02 4862 1600,"64 BOWRAL ST, BOWRAL, 2576",
Japanese Motorcycle Dismantlers,08 8262 6335,"428 Churchill Road, KILBURN, 5084",
Sa Motorcycles,08 8359 0100,"580 Main North Road, Gepps Cross, 5094",
Zuma Motorcycles,02 4285 9400,"4/ 609 Princes Highway, Russell Vale, 2517",sales@zuma.com.au
First Class Motorcycles,03 9739 6940,"26 John St, Lilydale, 3140",dave@firstclassmotorcycles.com.au
G T Motorcycles,03 9791 8667,"94 Foster St, Dandenong, 3175",stevehaith@gtmotorcycles.com
Clive Carter Motorcycles,03 9758 1481,"1033 Burwood Hwy, Ferntree Gully, 3156",
South Side Motorcycles,03 9686 5010,"107 Kavanagh St, South Melbourne, 3205",
Sharp Tune Motorcycles,03 9792 0232,"117 Lonsdale St, Dandenong, 3175",
Top Gear Motorcycles,03 9786 9999,"Frankston, 3199",
Action Motorcycles Mitchell,02 6241 8108,"26 Kemble Court, Mitchell, 2911",
Eagle Bike Parts,07 0000 0000,"Nerang, 4211",
Heritage MG Spare Parts Pty Ltd,02 9609 3988,"97-103 Victoria Street, Smithfield, 2164",
Just Roberts Motorcycles,02 4684 2200,"Unit 7, 280 Great Southern Road,, Bargo, 2574",
Motosapien Motorcycles,07 4033 5744,"205 Newell Street, Bungalow, 4870",
Cykel Parts Supply,03 9756 0456,"Fact 5 12 Edina Rd, Ferntree Gully, 3156",
Bike Parts Sydney,02 9822 5357,"6 Hoxton Park Road, Liverpool, 2170",
GASMANBIKES MOTORCYCLES,02 4721 3366,"70 Mulgoa Road, Penrith, 2750",
Gassit Used Motorcycles,03 9482 5699,"81 Station St, Fairfield, 3078",
Hogwild Custom Motorcycles,03 9761 7666,"Factory 3 299 Colchester Rd, Kilsyth, 3137",
Exclusive Motorcycles,08 9272 6367,"108 Beechboro Road, Bayswater, 6053",
Rock Motorcycles,02 6583 6655,"175 Gordon Street, Port Macquarie, 2444",sales@rockmotorcycles.com.au
Powerplant Motorcycles,08 9071 1780,"39 Norseman Road, Castletown, 6450",
Mulholland Motorcycles,02 6882 8884,"11 Victoria St, Dubbo, 2830",
Protech Motorcycles,02 6581 0830,"4/21 Chestnut Road, Port Macquarie, 2444",
Pinball Spare Parts,03 9720 6422,"176 Canterbury Road, Bayswater North, 3153",sales@pinballspareparts.com.au
Brooky's Motorcycle Accessories,1300 770 556,,sales@brookys.com.au
Stafford Motorcycles,03 9459 3427,"90 Bell Street, Heidelberg Heights, 3081",
Seaside Motorcycles,02 6686 3022,"21 Kerr Street, Ballina, 2478",
Australian Motorcycle Headlight Protector,07 5545 4228,"21 Kootenai Drive, Nith Tamborine, 4272",
AJs Motorcycles,03 5822 2466,"SHEPPARTON, 3630",webshop@ajsmotorcycles.co.uk
Southcoast Motorcycles,03 6273 2871,"505 Main Rd, Montrose, 7010",
Parts Monster,1800 730 201,,sales@partsmonster.co.uk
Cafe Racer Motorcycles,03 9480 0894,"76 Plenty Rd, Preston, 3072",
Mansfield Motorcycles,03 5775 3288,"23 Highett Street, Mansfield, 3722",
Hyperformance Motorcycles,07 5442 7003,,
Raceline Motorcycles,03 5332 7230,"6B Shepperd Street, Ballarat, 3350",
Race Replica Motorcycles,03 9318 0004,"6/535 Geelong Road, Brooklyn, 3025",
Raceway Motorcycles,03 9351 0055,,
Eastern Motorcycle Wreckers,03 9870 9209,"8 Olive Grove, Ringwood, 3134",
Wedgetail Motorcycles,08 9390 9356,"Unit 8/2 Gillam Drive, Kelmscott, 6111",
Thunderbike Motorcycles,08 9379 1991,"Unit 1/15 Dyer Road, Bassendean, 6054",guzzi@thunderbikes.com.au
Motorcycles Imports,08 9371 3963,"108 Beechboro Road, Bayswater, 6053",
Firebrand Motorcycles,02 9906 2905,"51 Whiting Street, Artarmon, 2064",
Motorcycle Accessories Supermarket,02 9633 1296,"111 Church Street, Parramatta, 2150",
Rampage Motorcycles,0418 364 652,,
A1 Road and Race Motorcycles,02 9556 1162,"212 Princess Highway, Sydney, 2205",
Image Motorcycles,02 4322 7100,,
A Revolutionary Motorcycle Rides,03 9435 7578,"Eltham, 3095",
Tool Spare Parts,1300 766 300,,sales@toolspareparts.com.au
Barry's Specialised Motorcycle Repairs,08 9354 7030,"1A, 17 Yampi Way, Willetton, 6155",
Motorcycle Parts Finder,03 9394 1178,"147 Australis Drive, Derrimut, Derrimut, VIC, 3026",
K & W Motorcycles,03 9459 5553,"149 Bell St, Heidelberg West, 3081",allie.ferrari@kohls.com
Australia Motorcycle Wreckers,07 4031 3866,,
Stay Upright Motorcycle Techniques,03 9731 1499,"Laverton, 3028",
Harleys American Motorcycle Repairs,0418 663 311,"PO Box 3059, Campbelltown, 5074",
Cfr Motorcycles,1800 673 793,,sales@cfrmotorcycles.com
Kessner Motorcycles,08 8261 9955,"320 North East Rd, Klemzig, 5087",jake@kessnermotorcycles.com.au
RC Motorcycle Tuning,02 9602 9844,"Unit 4 / 8 Cunningham Street, Moorebank, 2170",
Neville Cowie Motorcycles,08 8821 2380,"Kadina, 5554",
Bert Flood Motorcycles,03 9735 5655,"Factory 14 101- 155 Beresford Rd, Lilydale, 3140",
Mobile Motorcycle Medic,0417 945 557,"27 Lobeila Avenue, Wundowie, 6560",
Trike Motorcycle Rides,08 9354 9354,"13 Chesterton Drive, Thornlie, 6108",
Freedom Motorcycle Tours,0419 909 839,"P O Box 2239, Malaga, 6062",dee@freedommotorcycletours.com
Outback Motorcycle Tours,08 9354 2123,"45 Hossack Avenue, Parkwood, 6147",
Netbikes Motorcycle,0422 819 200,,
Budget Motorcycle Resprays & Repairs,03 9808 5600,"Factory 4- 8 Evans St, Burwood, 3125",
Shaun's Mobile Motorcycle Services,0477 721 004,"Manjimup, 6258",
Enfield Spare Parts,02 9671 5151,"14 Tattersal Rd, Blacktown",
Darra Spare Parts,07 3375 1109,"14 Queensland Rd, Darra, 4076",
Scone Spare Parts,02 6545 2241,"127 Kelly St, Scone, 2337",
Trane Spare Parts,03 9545 5793,"Unit 3 26 Audsley St, Clayton, 3168",
GDM Spare Parts,07 3277 3004,"Coopers Plains, 4108",
Gatton Spare Parts,07 5462 3377,"59 Railway St, Gatton, 4343",
Burwood Spare Parts,02 9708 4222,"231 Hume Hwy, GREENACRE",
Northern Motorcycle Developments,03 9870 1400,"8 42/44 New Street, Ringwood, 3134",
Superbike Motorcycle Accessories,08 9361 6677,"Unit 3/ 115 Albany Highway, Victoria Park, 6100",
Craig's Motorcycle Repairs,0413 769 532,"Kelmscott, 6111",
Traxion Motorcycle Apparel,08 8373 7848,"427 Fullarton Rd, Highgate, 5063",
Promecha Motorcycle Suspension,03 9574 1164,"44 Westall Road, Springvale, 3171",
Mount Barker Motorcycles,0410 614 483,"22 Mt Barker Road, Totness, 5250",
Bond Auto Parts,03 9743 1100,"Factory 2 2 Collins Rd, Melton, 3337",
Hills Motorcycle Repairs,08 9295 3089,"24 Wandeara Crs, Mundaring, 6073",
Total Motorcycles,08 8262 8335,"Unit 1a, 8 Jay Street, Pooraka, 5095",
Motorcycles Plus,08 9353 4567,,
Nigel Morrell's Motorcycle Services,08 8351 7088,"214 Richmond Road, Marleston, 5033",
D&C Motorcycles,02 4388 9929,"Unit 7/ 3 Hereford Street, Berkeley Vale, 2261",stephanie@discord.com
Coffs Motorcycles & lawncare,02 6652 6000,"1/17-19 Isles Drive, Coffs Harbour, 2450",
Epic Motorcycles,08 9317 7747,"3 Shields Crescent, BOORAGOON, 6154",
Vintage Motorcycle,0415 631 898,,
Birdman Mobile Motorcycle Accessory Distribution,0417 582 787,"Mooroolbark, 3138",
Ken McLean Motorcycle Engineering,0422 736 970,"PO Box 2357, Fountain Gate, 3805",
DA Motorcycles,08 8281 8933,"1758 Main North Road, Salisbury Plains, 5109",
D.a. Motorcycles,08 8281 8933,"1758 Main North Road, Salisbury Plains, 5109",
SOUTHERN STAR MOTORCYCLES,0418 957 825,"696 Milpera Street, Tom Price, 6751",
Motorcycle Clubs,0412 493 711,,
Motorcycle Masters,08 9353 3772,"126 Kewdale Road, KEWDALE, 6105",
Sydney City Motorcycles,02 9418 3000,"Lane Cove North, Cove, 2066",
Gorringe Reconditioning & Spare Parts Exchange Engines,03 6234 5699,"281 a Elizabeth St, Hobart, 7000",
The Motorcycle Repair Centre,0467 891 022,"3/28 Hayward Road, Ferntree Gully, 3156",
SKAF Spare Parts,02 9789 4466,"BELMORE, 2192",
G.C. Motorcycles,08 8344 7888,"122 Main North Road, Prospect, 5082",
G D V Motorcycle Spares & Accessories,02 4871 3956,"Unit 2, 210 Old Hume Hwy, Mittagong, 2575",
G.S.S. Auto Parts,02 9649 6383,"178 Woodburn Rd, BERALA",
Australia Motorcycle Accessories,02 8011 3988,,
Jaydee Motorcycles,03 5428 1331,"Factory 1/5 Ladd Rd, NEW GISBORNE, 3438",
Ballistic Performance Parts,0402 145 357,"Melbourne, 3037",
Motorcycle Solutions,02 9587 3000,,
used motorcycles for sale,0422 388 965,"29 Kenny Street, Wollongong, 2500",
Shark Motorcycle Leathers & Accessories,07 5573 5118,"Helensvale, 4212",
J.L. Car & Motorcycle Repairs,08 8289 5166,"14/3 Greenwith Rd, Golden Grove, 5125",
Thomas Lee Motorcycles,02 6752 3566,"386 Frome Street, Moree, 2400",
Indian Motorcycle,07 4759 3200,"35 Bowen Rd, Townsville, 4812",
Pat's Motorcycles,07 3393 3800,"Unit 4 70 Andrew St, Wynnum, Queensland, 4178",
Eastern Creek Motorcycle Wreckers,02 9622 8485,"Unit 12 - 14 Holbeche Road, Arndell Park, 2148",
Don Kyatt Spare Parts & 4WD,08 9353 4166,"Kewdale, 6105",
Action Motorcycles North Melbourne,03 9329 8822,"19 Flemington Road, North Melbourne, 3051",
Formula1 Motorcycle Exhaust Systems,02 6762 8077,"75 Ebsworth Street, Tamworth, 2340",
Custom Motorcycle Company,07 3812 9795,"Shop 2/124 Brisbane Road, Booval-(Ipswich), 4304",
Caravan Spare Parts,02 7597 2359,"21 Endurance, Queanbeyan, 2620",
Panasonic Spare Parts,08 9317 3333,"LCS Electronics 17 Hulme Court, MYAREE, 6154",
Munich Motorcycles,08 9317 3317,"Unit 5 & 6 9 Hayden Court, Myaree, 6154",
Alias Motorcycle Engineering,03 9587 6755,"233- 235 Boundary Rd, Mordialloc, 3195",
Aussie Motorcycle Spares,07 3299 5990,"11 Herbert St, Slacks Creek, Queensland, 4127",
Qld Motorcycle Spares,07 3808 5844,"81 Moss St, Slacks Creek, Queensland, 4127",
Mick's Motorcycles Gawler,08 8522 2618,"485 Main North Road, Evanston, 5116",
Motorcycle ONLY Classifieds Australia,0422 819 200,,
Motorcycle Part,1300 727 827,,
NORTHSIDE MOTORCYCLE TYRES & SERVICE,07 3205 6505,"4/11 Paisley Drive,, Lawnton, 4501",
R & J Motorcycles & Accessories,08 8326 8888,"33 Gates Rd, Hackham, 5163",
Motorcycle Auction,07 5463 5910,,
Motorcycle Revolution,08 8371 4088,"857 South Rd, Clarence Gardens, 5069",
Motorcycle Cruise Controls,03 9808 2804,"6 Kingston Street, Mount Waverley, 3149",
classic ride motorcycles,02 9905 4755,"6 Green Street, Brookvale, 2100",
Chris Watson Motorcycles,02 4991 2566,,
Strathpine Spare Parts,07 3205 3804,"238 Leitchs Rd, Strathpine",
Bikepix Motorcycle Photography,08 9446 7265,"P.O. Box 582, SCARBOROUGH, 6018",
Briar Hill Spare Parts & Accessories,03 9434 2823,"15 Sherbourne Rd, Greensborough, 3088",
Motorcycle Education Centre,03 9568 7402,"594 Waverley Road, Malvern East, 3148",
Motorcycle Engineering,08 9791 2524,"9 Bourke St, Bunbury, 6230",
G & P Engine Reconditioners & Spare Parts,03 5021 1712,"32 Eighth St, Mildura, 3500",
Kss Motorcycle Services,02 9791 5556,"1/42 Canterbury Road, Bankstown, 2200",
Motorcycle Motion,03 9532 0509,"140 Keys Road, Cheltenham, 3192",
Agency Spare Parts,0393649699,"72 Enterprise Way, Sunshine West, VIC, 3020",
Motorcycle Rental,08 9244 4293,,
Richmond River Motocycle Club,0432 485 377,,
Kickstart Mobile Motorcycle Repairs,02 4958 8700,"Raggatt Crs, Edgeworth, 2285",
The Online Parts Shop,0403 726 035,"PO Box 3002, UMINA BEACH, 2257",
Gt Motorcycles,02 9676 7088,"PROSPECT, 2148",
Pat Kinsela Motorcycles,02 6862 1800,"41 Welcome St, Parkes, 2870",
Fraser Motorcycles Perth,08 9370 5662,"47 Walter Road, Dianella, 6059",
Darling Range Motorcycles,08 9390 4787,"213 Railway Avenue, Kelmscott, 6111",
Lloyd Chapman Motorcycles,08 9328 3400,"266 Lord Street, PERTH, 6000",
Full Throttle Motorcycles,07 3209 1977,"4 Miller Street, Slacks Creek, 4078",
D Moto Motorcycle Engineering,02 8677 9120,"4/5 Harbord Street, Clyde, 2142",
Mtm Motorcycle Tyres And Mechanical,07 3265 4966,,
HighRanger Motorcycle Gear,0433 503 372,"143 Westall Road, Clayton South, 3169",
Ric Andrews Motorcycles,1300 248 342,"169 Manns Rd, cnr Dell Rd West Gosford, 2250",
Perth Motorcycle Wreckers,08 9493 2521,"Unit 9/11 Alloa Road, Maddington, 6109",
Clothesline Spare Parts,1300 669 542,"21/351 Kingsway, Caringbah, 2229",
Unimac Service & Spare Parts,02 9838 3011,"76 Melbourne St, Riverstone, 2765",
IPSO Service & Spare Parts,02 9838 3011,"76 Melbourne St, Riverstone, 2765",
Vintage And Classic Parts,0418 347 216,"LANGWARRIN, 3910",
Motorcycle Scene,03 6431 7255,"29 Main Road, Wivenhoe, 7320",
Pud's Four Parts,03 5182 5704,"79 Grant St, Yarram, 3791",
C & D Motorcycles,08 8243 1855,"709 Port Rd, WOODVILLE",
Mack 1 Motorcycles,08 9250 2522,"237 Great Eastern Highway, Midland, 6056",
V Twin Motorcycles,08 9248 6678,"Unit 2/19 Century Road, Malaga, 6090",
Rick Gill Motorcycles,08 9443 3555,"13 Main Street, Osborne Park, 6017",
Peter Tomsen Motorcycles,08 9362 3152,"Unit 1/100 Brigg Street, Welshpool, 6106",
Ipswich Spare Parts,07 3201 7181,,
Vintage Spare Parts,03 9873 3566,"34 Thornton Crs, Mitcham, 3132",
Waldorf Spare Parts,07 3277 5224,"Unit 3 201 Evans Rd, Salisbury, 4107",
Humber Spare Parts,03 9873 3566,"34 Thornton Crs, Mitcham, 3132",
Barsby Spare Parts,07 4122 3855,"294 Gympie Rd, Maryborough, 4650",
Advanced Motorcycle Service Centre,0427 874 305,"18/2 Kohl Street, Upper Coomera, 4209",
Image Motorcycles & Scooters,02 4322 7100,,
Peter Kerr Mobile Motorcycle Repairs,08 8384 5220,"Noarlunga, 5167",
Canberra Motorcycle Centre,02 6280 4491,"PO BOX 271, FYSHWICK, 2609",
Melbourne Motorcycle Performance Centre,0402 046 615,,
Don Kyatt Spare Parts Western Australia,08 9353 4166,"118 Kewdale Rd, Kewdale, 6105",
Joe's Motorcycles,0262806703,"15 Collie Street, Fyshwick, ACT, 2609",
Holley Carburettors & Parts,02 9602 9033,"Homepride Ave, Warwick Farm",
Antique Motorcycle,03 9583 9922,"s Aust Pty Ltd, Cheltenham, 3192",
Motorcycle Track,02 9847 6666,"Peebles Road, Forest Glen, 2157",
Sydney Motorcycles,07 5463 5910,,
Motorcycle Council,02 9833 7794,"Level 7 341 George St, Sydney, 2000",
motorcycle logistics,0419 521 939,"Po Box 221, Keilor, 3036",
Robbo's Motorcycles,02 6280 6939,"281 Canberra Ave, Fyshwick, 2609",
Roe Motorcycle & Mower,03 5561 1700,"1059 Raglan Pde, Warrnambool, 3280",
Beaudesert Motorcycles,07 5541 1322,"108 Brisbane Road, Beaudesert, 4285",
Xispa Motorcycles Australia,02 9966 5562,"11/78 Reserve Road, Artarmon, 2064",
Cairns Custom Motorcycles,07 4035 1000,"252 Hartley Street, Cairns, 4870",
North Coast Motorcycle Dismantlers,02 6661 7903,"Elliots Road, Myrtle Creek, 2469",
Mre Spare Parts,02 9600 7444,"Street Address Unit 5 376 Newbridge Road, Moorebank, 2170",
Ray Easson's Motorcycle Engineering,08 9272 8466,"Unit 2a 160 Beechboro Road, Bayswater, 6053",
Dixon Road Motorcycles Wrecking,08 9527 9201,"57c Dixon Road, Rockingham, 6168",
Z1 spares australia,0439 424 181,"Baileys Lane, Acton Park, 7170",
Worthington Motorcycles,1300 975 875,"5 Kangoo Road, Kariong, 2250",
Coffs Harbour Motorcycle Club,02 6658 5019,"NORTH BOAMBEE VALLEY, 2450",
Roden Spare Parts,03 9331 7373,"Greenvale, 3059",
Motorcycle Exhaust Professionals,07 3808 9377,"31 Moss Street, Slacks Creek, 4127",
H Bomb's Motorcycle Hire,08 9330 6789,"Unit 6 9 Hayden Crt, Myaree, 6154",
Brookys Motorcycle Accessories / Workshop,02 9939 8128,"1/267 Harbord Road, Brookvale, 2100",
Motorcycle Topbox,1300 867 269,,
Seven Day 7 Spare Parts Stores,02 9908 3100,"20 Young, NEUTRAL BAY",
Taylors Motorcycles,02 4323 4969,"341 Manns Road, West Gosford, 2250",
Motorcycle Disposals,0412 377 548,"1/47 Prince William Drive, Seven Hills, 2147",
Western Motorcycles,02 4733 1733,"283 Mulgoa Road, Jamisontown, 2750",
Clubman Motorcycle,02 9558 2333,"809 Princes Hwy, Tempe, 2044",
Nutall Spare Parts,02 9569 2445,"2 c Rofe St, Leichhardt, 2040",
Bike Doctor Motorcycle Repairs,1800 651 965,"64 Scarborough Beach Road, Perth, 6006",
Melville Motorcycle Centre Sales & Service,08 9319 1333,"325 Canning Highway, Palmyra, 6157",
Motorcycle Moods,02 9772 3393,"PO Box 123, Kingsgrove, 1480",
A1 Motorcycles,03 9563 9166,"BRIGHTON, 3186",
Race Motorcycles,08 8952 2278,"28 George Crescent, Alice Springs, 870",
Mojo Motorcycles,03 9918 8000,"401 Grieve Pde, Altona, 3025",
Robbo's Spare Parts,02 9718 7477,"12 Harp street cnr Charlotte street, Campsie, 2194",
Motorcycle Panel & Paint,08 9244 7202,"Unit C, 69 Hector Street, Osborne Park, 6017",
Level 1 Cycle Spares,08 8269 1082,"187 Main North Road, Nailsworth, 5083",
Redline Motorcycles,03 9792 5025,"5/112 Hammond Road, Dandenong, 3175",
Motorcycle Paint Clinic & Plastic Welding,03 9469 5146,"Factiry 1-72 Newlands Rd, Reservoir, 3073",
Tuggeranong Motorcycle Centre,02 6293 1010,"Unit 4 / 347 Reed Street, Greenway, 2900",
Keith Motorcycles,08 8755 3233,"Riddoch Highway, Keith, 5267",
House Of Motorcycles,08 9302 1840,"Unit 5/ 48 Prindiville Drive, Wangara, 6065",
Motorcycle Recovery Services,0419 394 271,"Heidelberg, 3081",
Naracoorte Motorcycles & Mowers,08 8762 3977,"78 Gordon Street, Naracoorte, 5271",
Performance By Rilusi Motorcycles,08 9375 9703,"Unit 1 18 Boag Road, Morley, 6062",
Oz Motorcycles,1800 998 345,,
Moreland Motorcycles,03 9310 1744,"296 Ballarat Rd, BRAYBROOK",
Maroochy Motorcycles,07 5443 5067,"6/ 72 Sugar Rd, Maroochydore, 4558",
Highway Motorcycles,08 9250 2088,"213 Great Eastern Hwy, Midland, 6056",
Gosford Motorcycles,02 4323 3599,"104 Showground Rd, Gosford, 2250",
Veloce Spare Parts & Repairs,03 9338 8967,"5 Hasley Rd, Airport, 3042",
Moreland Spare Parts,03 9386 9841,"808-810 Sydney Rd, Brunswick, 3056",
Ride Motorcycles,02 6765 8646,"75 Ebsworth St, TAMWORTH, 2340",
Griffith Motorcycle Centre,02 6962 4677,"Cnr Burrell Pl & Wakaden St, Griffith, 2680",
Custom Motorcycle Tours,02 4443 0680,"Sanctuary Point, 2540",
Motorcycle Adventure,07 3139 0387,"MAP's On line store, DAYBORO, 4521",
David Readford Motorcycles,02 6882 2888,"62 Victoria St, Dubbo, 2830",
MTM Motorcycle Tyres and Mechanical Brisbane,07 3265 4966,,
Motorcycle Weaponry,02 9979 4744,"Unit 7 8 Wilmette Place, Mona Vale, 2103",
Motorcycle Haven,08 8976 7016,"Stuart Highway, Adelaide River",
Laro Motorcycles,02 9609 4788,,
Suziparts,08 8295 1661,"Unit F 109 Morphett Road, Camden Park, 5038",
Fairways Motorcycles,07 4927 6900,"123 William Street, Rockhampton, 4700",
Breville Service & Spare Parts,02 4956 1855,"7 Norah Road, LAMBTON, 2299",
Bundaberg Motorcycles,07 4152 3490,"37 Takalvan Street, Bundaberg, 4670",
Control motorcycle school,0421 208 307,"13 John Dory Cove, Wannanup, 6210",
Gnuoy Spare Parts & Accessories,02 6628 0071,"196 Pearces Creek Rd, Alstonville, 2477",
Rennie's Spare Parts & Accessories,02 9623 9444,"176 Forrester Rd, Marys, 2760",
Blueprint Engineering Motorcycle Services,0438 851 055,,
Peter Stevens Motorcycles Geelong,03 4225 6200,"21 Mercer St, Geelong, VIC, 3220",
Noyes Motorcycles,07 3205 6300,"117 South Pine Road, BRENDALe, 4500",
Dudleys Motorcycle Service & Performance Centre,02 4353 3730,"3/14 Donaldson Street, Wyong North, 2259",
Streetwise Motorcycle Training,0402 011 387,,
Wisemans Motorcycle Wrecking,02 6652 7084,"50 Marcia St, Coffs Harbour, 2450",
Robina Motorcycle Wreckers,07 5579 9114,"Market St, Carrara, 4211",
Roma Motorcycle Wreckers,07 4622 5585,"Mitchell Rd, Roma, 4455",
Sunraysia Motorcycle Wreckers,03 5023 0600,"39- 41 Seventh St, Mildura, 3500",
Laang Motorcycle Wreckers,03 5566 2260,"Thorburns Rd, Laang, 3265",
Independent Motorcycle Wreckers,07 4632 1848,"12 Dexter St, TOOWOOMBA CITY, 4350",
Jr's Motorcycles,07 4775 2266,,
Dc Motorcycles,08 8377 5566,"at Unit 22/788-798 Marion Rd, Marion, 5043",
Motorcycle Sportsmen,07 3262 6677,"PO Box 201, ALBION, 4010",
Korumburra Motorcycle Club,03 5678 7098,,
Hay Motorcycle Centre,02 6993 1296,"68 Lachlan Street, Hay, 2711",
Cessnock Motorcycle Club,0415 490 346,,
Colac Motorcycle Club,03 5594 3322,"PO Box 378, Colac, 3250",
Wollongong Motorcycle Club,0414 425 710,"PO Box 401, FIGTREE, 2525",
Tropical Motorcycle Adventures,07 4054 6697,"106 Irene St, Mooroobool, 4870",
U.s.a. Motorcycle Centre,02 4256 1583,"12 Miall Way, Albion Park Rail, 2527",
Trident Motorcycle Services,03 6424 3422,"108 a York St, Devonport, 7310",
Trev's Motorcycle Service,08 8563 3445,"1 a Para Rd, Tanunda, 5352",
Caboolture Motorcycle Centre,07 5495 1466,"45 Morayfield Road, Caboolture, 4510",
Firestorm Motorcycle Accessories,02 5523 2266,"49 Pacific Hwy, Tweed Heads, 2486",
Delta Motorcycle Tours,0409 675 191,"Brisbane, 4000",
Downunder Motorcycle Tours,03 5442 1909,"Bendigo, 3550",
Uluru Motorcycle Tours,08 8956 2019,"P.O. Box 75, Yulara, 0872",
Gecko Motorcycle Company,02 6282 3400,"61 Dundas Crt, Phillip, 2606",
Gladstone Motorcycle Club,07 4973 7324,"Hanson Rd, Yarwun, 4694",
Sutto's Motorcycle Supply,02 4731 1173,"Units 4-6/ 121 Coreen Ave, Penrith, 2750",
Sydney Motorcycle Workshop,02 9565 5788,"23 Euston Rd, Alexandria, 2015",
Nashville Motorcycle Tours,07 3355 4292,"Everton Hills, 4053",
Motorcycle Riders Association,08 9279 7793,"PO Box 196, Victoria Park, 6054",
Marty's Motorcycle Painting,02 9586 4577,"74a Roberts Ave, Mortdale, 2223",
Loxton Motorcycle Centre,08 8584 7698,"10 Bookpurnong Tce, Loxton, 5333",
Lennox Motorcycle Tours,02 6687 9000,"Ballina St, Lennox Head, 2478",
Healesville Motorcycle Centre,03 5962 1566,"281 Maroondah Hwy, Healesville, 3777",
Griffin Motorcycle Centre,07 5445 3822,"133 Maroochydore Road, Kunda Park, 4556",
Goldfields Motorcycle Club,08 9091 3907,"Percy Rd, Kalgoorlie, 6430",
Australian Motorcycle Importers,03 9690 1117,"P.O. Box 37, Melbourne, 3205",
Cairns Motorcycle Tours,1800 808 411,"P.O.Box 72, Manunda, 4870",
Elite Motorcycle Training,0402 127 909,,
Fourways Motorcycle Centre,08 9535 4841,"645 Pinjarra Road, Mandurah, 6210",
Picton Motorcycles,02 4677 1670,"184-186 Argyle Street, Picton, 2571",
Motorcycles Direct,0414 371 982,"PO Box 619, Freshwater, 2096",
Mobile Motorcycle Mechanic Sunshine Coast,07 5309 3964,"Shop 2 1 Newspaper Place, Sunshine Coast, Maroochydore, Queensland, 4558",
United Motorcycle Council,07 3809 4412,,
Direct Jap Auto Parts,02 9679 7554,"Unit 7/ 12 Garling Rd, Blacktown, 2148",
Alice Springs Central Oz Motorcycle Adventures,08 8953 4755,"P.O. Box 1891, Alice Springs, 0870",
Bmw Motorcycle Club Of Victoria,03 9547 6864,,
Clubman Motorcycle Rentals,02 9519 9991,"376 Princes Hwy, Peters, 2044",
Southside Motorcycle Wreckers,08 9493 2521,"Unit 9, 11 Alloa Street, MADDINGTON, 6109",
Motorcycle Workshop Melbourne,03 9553 0018,"2/1 Winston Court, Moorabbin, 3189",
Malaga Road & Race Motorcycle Engineering,08 9249 4520,"Unit 1/73 Holder Way, Malaga, 6090",
Sunstate Motorcycles,07 5479 4344,"76 Aerodrome Road, Maroochydore, 4558",
Alpine Motorcycles,03 5752 2336,,
Dandc Motorcycles,02 4388 9929,,
Robertson's Motorcycles,02 6884 2933,"s Motorcycles, Dubbo, 2830",
Scotts Motorcycles,02 9587 0022,,
Allstar Motorcycle Training,03 9706 8758,"87-89 Hallam Valley Road, Dandenong South, 3175",
"Penrith Motorcycle Centre I Kawasaki, MV Agusta, Royal Enfield",02 4722 4439,"139 Blaikie Road, Jamisontown, 2750",
Port Kennedy Vintage Motorcycles,08 9524 6722,"6 Helmshore Way, Kennedy, 6172",
Trailer Spare Parts,07 3275 2885,"158 Boniface Street, Brisbane, 4108",
Morgan Motorcycle Club,0416 150 498,,
Oakleigh Motorcycle Club,03 9726 5992,,
Darwin Motorcycle Wreckers,08 8948 0995,"1 Durand Crt, Coconut Grove, 810",
Penrith Motorcycle Wreckers,02 4721 2116,"Unit 20, 121 Coreen Ave, Penrith, 2750",
Queensland Motorcycle Wreckers,07 3808 5844,"Slacks Creek, 4127",
Pakenham Motorcycle Wreckers,03 5940 2402,"Factory 1/ 1 Purton Rd, Pakenham, 3810",
A.C.T. Motorcycle Wreckers,02 6297 7075,"22 Stephens Rd, Queanbeyan, 2620",
Cowra Motorcycles,02 6342 3899,"60 Redfern Street, Cowra, 2794",
Donald Motorcycles,03 5497 1611,"46 Wood Street, Donald, 3480",
Pitstop Motorcycles,07 4775 7222,"Unit 14/128 Lyons Street, Cairns, 4870",
Revolution Motorcycles,07 5521 0000,"2/30 Currumbin Creek RD, Currumbin, 4223",
Online Motorcycles,02 6021 8888,"Shop 3 435 Dean Street, Albury, 2640",
Whiteman Motorcycles,02 6331 6421,"123 Durham Street, Bathurst, 2795",
Hoskings Motorcycles,07 4992 1366,"Dawson Highway, Biloela, 4715",
Walker's Motorcycles,02 9790 2804,"401 Hume Highway, Yagoona, 2199",
Philmac Motorcycles,02 6551 2246,"15 Oxley Street, Taree, 2430",
Seymour Motorcycles,03 5792 2527,"36 High Street, Seymour, 3660",
Rosenberg Motorcycles,07 4926 8400,"391 Yaamba Road, Rockhampton City, 4700",
Red's Motorcycles,02 4731 2239,"Unit 1 123 Coreen Avenue, Penrith, 2750",
Rochester Motorcycles,03 5484 1745,"12 Moore Street, Rochester, 3561",
Singleton Motorcycles,02 6572 3620,"47 John Street, Singleton, 2330",
Towers Motorcycles,07 4787 1588,"Cnr King & Mary Streets, Charters Towers, 4820",
Northern Motorcycles,08 8642 5551,"30 Stirling Road, Port Augusta, 5700",
Eltham Motorcycles,03 9434 6510,,
Woody's Motorcycles,02 4352 1331,"148 Pacific Hwy, Tuggerah, 2259",
Colac Motorcycles,03 5231 1083,"258 Murray Street, Colac, 3250",
Busselton Motorcycles,08 9752 2484,"10 Albert Street, Busselton, 6280",
Christensen's Motorcycles,03 5623 2173,"177 Queen Street, Warragul, 3820",
Estuary Motorcycles,08 9581 3860,"Unit 5/ 35 Reserve Drv, Mandurah, 6210",
Frontline Motorcycles,02 6925 4933,"Unit 7-8, 59 Chaston St, Wagga Wagga, 2650",
Davis Motorcycles,07 5479 3022,"43 Kayleigh Drv, Maroochydore, 4558",
Dynamic Motorcycles,02 9755 2847,"19 Buckingham Crs, Chipping Norton, 2170",
Dale's Motorcycles,07 4095 4743,"Industrial Est, Atherton, 4883",
Curramulka Motorcycles,08 8854 2044,"Main St, Curramulka, 5580",
Cooktown Motorcycles,07 4069 5596,"Newman St, Cooktown, 4871",
Warringah Motorcycles,02 9905 3565,"Unit 4/18 Orchard Rd, Brookvale, 2100",
Goulburn Motorcycles,02 4821 4711,"75 Bourke St, Goulburn, 2580",
G.P. Motorcycles,08 8384 1155,"218 Main South Rd, Morphett Vale, 5162",
Brisbane Motorcycles,07 3357 4333,"205 Lutwyche Road, Windsor, 4030",
Sargents Motorcycles,02 6362 8233,"86-88 Bathurst Street, Orange, 2800",
Timboon Motorcycles,03 5598 3658,"Curdie Vale Rd, Timboon, 3268",
TLC Motorcycles,02 4422 3777,"132 b Princes Hwy, Nowra, 2541",
Redgrave Motorcycles,02 9484 9900,"10/10 Pioneer Ave, THORNLEIGH",
Roadholder Motorcycles,02 6292 3452,"13 Hutcheson St, 2904",
Rat Motorcycles,03 5852 3202,"292 Allan St, Kyabram, 3620",
Pedersen's Motorcycles,02 4423 4554,"1 Narang Rd, Bomaderry, 2541",
Narellan Motorcycles,02 9606 6705,"Unit 13,19 Graham Hill Rd, Narellan",
Muswellbrook Motorcycles,02 6541 4056,"Shop 1/ 139 Maitland St, Muswellbrook, 2333",
Maverick Motorcycles,02 9746 2005,"133 Parramatta Rd, Homebush, 2140",
Mollers Motorcycles,07 5441 1477,"65 Coronation Ave, Nambour, 4560",
Mentor Motorcycles,02 9569 8888,"575 Parramatta Road, Leichhardt, 2040",
Morris Motorcycles,02 6362 1955,"157 Lords Place, Orange, 2800",
Macarthur Motorcycles,02 4655 7276,"14 Ironbark Avenue, Camden, 2570",
Katanning Motorcycles,08 9821 2188,"54 Dore Street, Katanning, 6317",
Macleay Motorcycles,02 6562 7055,"128 Belgrave St, Kempsey, 2440",
Kilroc Motorcycles,03 6247 8486,"94 Droughty Point Rd, Rokeby, 7019",
KB Motorcycles,07 4152 3490,"17 Walla St, Bundaberg, 4670",
Mackay Motorcycles,07 4957 2411,"114 Sydney St, Mackay, 4740",
Izhmash Motorcycles,02 9699 6941,"96- 96 McEvoy St, Alexandria, 2015",
Jimboomba Motorcycles,07 5547 7759,"9 Euphemia St, Jimboomba, 4280",
Inskip Motorcycles,02 4950 4099,"1 James St, Toronto, 2283",
J.C.W. Motorcycles,02 9790 2804,"401 Hume Hwy, YAGOONA",
Hurricane Motorcycles,07 5522 8288,"132 Woringary Rd, Tallai, 4213",
Heinz Motorcycles,08 8265 5544,"44 Deborah Gr, Modbury, 5092",
Grunt Motorcycles,0408 665 611,"1 Centenary Drv, Goonellabah, 2480",
Beenleigh Motorcycles,07 3287 1544,"2/ 26 Horizon Drv, Beenleigh, 4207",
Axle Motorcycles,02 6282 0065,"6 Bellona Crt, Phillip, 2606",
Belly's Motorcycles,08 9143 1088,"15 A Crane Crcle, Karratha, 6714",
Campbelltown Motorcycles,02 4626 6857,"43 Blaxland Rd, Campbelltown, 2560",
Caringbah Motorcycles,02 9524 6456,"53- 55 Captain Cook Drv, Caringbah, 2229",
Allica's Motorcycles,03 5163 1718,"70 Main St, Yinnar, 3869",
Albany Motorcycles,08 9841 6013,"70 Chester Pass Road, Albany, 6330",
A.B.S. Motorcycles,03 5441 8177,"Cnr Eaglehawk & Marong Rds, Ironbark, 3550",
Mildura Motorcycles,03 5023 4518,"733 15th Street, Mildura, 3500",
Flinders Motorcycles,08 8632 1625,"210 The Terrace, Port Pirie, 5540",
Moe Motorcycles,03 5127 2122,"2 Della Torre Road, Moe, 3825",
Gilbert Motorcycles,02 6372 4146,"Unit 1 12 Sydney Road, Mudgee, 2850",
bexley motorcycles,02 9150 4440,"107 Stoney Creek Road, Bexley, 2207",
Whitehouse Motorcycles,0260217588,"523 Young Street, Albury, NSW, 2640",
Sydney Motorcycle Wreckers,02 9565 5788,"Sydney, 2000",
Balmain Motorcycle Repairs,02 9818 4547,"14 Mansfield Street, Rozelle, 2039",
Sunway Japanese Spare Parts,02 9709 2520,"1- 5 Rosedale Ave, Greenacre, 2190",
Ichiban Japanese Spare Parts,02 9558 2433,"810 Princes Hwy, Tempe, 2044",
Bike Dock (Intyre Motorcycles),1300 854 558,"183 Nicholson Street, Brunswick East, 3057",
International Motorcycle Importers,03 9753 3855,"9/1488 FERNTREE GULLY ROAD, KNOXFIELD, 3180",
Wombat Motorcycles,02 4578 9000,"Unit 7 40 Bowman St, Richmond, 2753",
Clubman Motorcycles,02 9558 2333,"809 Princes Hwy, Tempe, 2044",
Southern Highlands Motorcycle,02 4871 1770,"214 Old Hume Hwy, Mittagong, 2575",
Allwest Motorcycle Carriers,02 9603 2979,"PO Box 312, Minto, 2566",
Gawler Motorcycle Club,0438 824 614,,
Rebels Motorcycle Club,07 3262 7130,"11 Frodsham St, Albion, 4010",
Cattana's Motorcycle Repairs,07 4051 6490,"115 Spence St, Cairns, 4870",
Brownies Motorcycle Repairs,03 5562 6505,"41 Fairfax Ave, Warrnambool, 3280",
Brett's Motorcycle Repairs,02 6622 6226,"9 Three Chain Rd, Lismore, 2480",
Achieve Motorcycle Skills,02 6292 8992,"PO Box 2486, Tuggeranong, 2906",
Advanced Motorcycle Repairs,03 5981 2669,"8 Jennings Crt, Rosebud, 3939",
Alert Motorcycle School,08 9377 2886,"3/ 18 Colwyn Rd, Bayswater, 6053",
Ace Motorcycle Repairs,07 4779 9926,"28 Rendle St, Aitkenvale, 4814",
Bunbury Motorcycle School,08 9726 0006,"58 Woodley Road, Bunbury, 6230",
Pipemasters Motorcycle Exhausts,07 3252 3939,,
Sunset Motorcycle School,08 9529 3050,"109 Day Road, Rockingham, 6168",
Craig Macklin Motorcycle Repairs And Servicing,02 9545 0919,"548 Princes Highway, Kirrawee, 2232",
Ktm Motorcycles,02 9599 0011,,
Rc Motorcycle Tuning,02 9602 9844,,
Motorcycle Hire,07 5463 5910,,
Classic Road and Race Motorcycles,0437 021 635,"22 Main Street, Bridgewater on Loddon, 3516",
Ignition Motorcycles,07 5537 3543,"3/199 Brisbane Road Gold Coast Hwy, Labrador, 4216",
Wagin Motorcycles,08 9861 1326,"74 Tudhoe St, Wagin, 6315",
Retro Motorcycles,07 3488 0304,"Trade St, Ormiston, 4160",
Phoenix Motorcycles,03 5622 3220,,
Nowra Motorcycles,+61 2 4422 9681,"132 Princes Highway, South Nowra, 2541",
Allwest Motorcycles,03 9743 0732,"3/14 Harrison Court, Melton, 3337",
Birdman Motorcycle Accessories,03 9876 8966,"4 / 34 Palmerston Road East, Ringwood, 3134",
Ace Motorcycle Performance,02 6651 1911,"5 - 5 Lawson Crescent, Coffs Harbour, 2450",
Mareeba Motorcycle Club,0429 907 407,,
Waybry Motorcycle Engineering,02 6282 4581,"Lwr Lvl, Shell Service Station Strangways St, Curtin, 2605",
Mda Motorcycle Engineering,0421 874 513,,
A.K.R. Motorcycle Engineering,03 6239 9387,"46 Baragoola La, Sandford, 7020",
ACT Motorcycle Engineering,02 6282 6880,"2/ 6 Bellona Crt, Phillip, 2606",
Car Spare parts Melbourne,03 9336 3753,"15/14 Concorde Drive, Keilor Park, 3042",
Bmw Motorcycle Adventures,1300 637 335,,
Red's Motorcycle Repairs,03 6228 6645,"7a Sunderland Street, Moonah, 7009",
Tamworth Motorcycle Club,0428 103 196,"TAMINDA, 2340",
Michelin Motorcycle Tyres,08 9443 2498,"440 Scarborough Beach Road, Osborne Park, 6017",
Garage Motorcycles,08 8536 2677,,
Oliver's Motorcycles,07 3193 4444,"1098 Ipswich Road, Moorooka, 4105",
Motorcycle Holidays Australia,02 6656 2341,,
Motorcycle Accessories Shop,07 5596 1222,,
Perth Motorcycle Training,0488 024 055,"Cannington, 6107",
Obsolete Auto Parts,02 4573 1424,,
Motorcycle Tank Armour,07 5514 6041,"PO BOX 688, NERANG, 4211",
Grafton Motorcycles,02 6642 1154,"130 Bacon St, Grafton, 2460",
Tasmanian Motorcycle Club,0419 142 506,"PO Box 948, Launceston, 7250",
Lightweight Motorcycle Club,0439 925 800,,
Bendigo Motorcycle Expo,0428 510 426,,
Tasmanian Motorcycle Hire,03 6391 9139,"17 Coachmans Rd, Evandale, 7212",
Capital Motorcycle Tours,02 6241 8630,"Belconnen, 2617",
Canberra Motorcycle Tours,02 6286 4882,"Canberra, 2601",
Aussie Motorcycle Hire,03 9328 1400,,
Aj's Motorcycles,03 5822 2466,,
Motorcycles Newcastle,03 9315 6700,"POBox 611, Williamstown, 3016",
Forestville Spare Parts & Accessories,02 9452 1933,"Cnr Cook St & Warringah Rd, FORESTVILLE",
Motorcycle Wreckers Online,0411 026 377,"14 / 15 -  17 Chambers rd, Altona North, Altona North, Victoria, 3025",
Gjays Motorcycle Bits,0419 802 450,,
Whales Motorcycle World,07 3808 8799,"3385 Pacific Highway, Slacks Creek, 4127",
Wimmera Motorcycle Co.,03 5382 0220,"84 Mcpherson Street, Horsham, 3400",
Warwick Motorcycle & Marine,07 4661 3966,"44 Wood St, Warwick, 4370",
Motorgrapg Motorcycle Stickers,02 9748 3429,"22a Adderley, Lidcombe, 2141",
Attitude Motorcycle Improvements,08 9535 1729,"18 Rafferty Rd, Mandurah, 6210",
Brennans Motorcycle Developments,07 4630 2812,"788 Greenwattle St, TOOWOOMBA CITY, 4350",
Broadmeadows Motorcycle Park,03 9357 3888,"434 Mahoneys Rd, Campbellfield, 3061",
Motorcycle Directory Australia,07 3863 2299,,
Bundaberg Motorcycle Specialists,07 4152 1121,"19 Woondooma St, Bundaberg, 4670",
AC Motorcycle Imports,02 9821 1677,"Moorebank, 2170",
Surfside Motorcycle Garage,02 9905 4755,"42 Winbourne Rd, Brookvale, 2100",
Solo Motorcycle Imports,02 4648 3366,"PO Box 3478 Narellan, Smeaton Grange, 2567",
Sunset Motorcycle Hire,0409 291 512,,
Heated Motorcycle Clothing,03 5752 2336,,
Advanced Motorcycle Services,08 8389 9211,"Main Rd (Cnr Naughton Rd), Woodside, 5244",
Active Motorcycles,07 4992 1366,"TARRAMBA, 4715",
Albion Motorcycles,07 3262 1800,"15 Bogan St, Albion, 4010",
Bm Motorcycles,03 9870 3807,"5 Heatherdale Road next door to Hungry Jacks, Ringwood, 3134",
Freestyle Motorcycles,03 9786 9999,"38 Wells Rd, Seaford, 3198",
Mick's Motorcycles,08 8522 2618,"485 Main North Road, Evanston, 5118",
Northstar Motorcycles,07 3852 5217,"NORTH STAR MOTORCYCLES, Bowen Hills, 4006",
Beard Brothers Motorcycles,0263316421,"12 Littlebourne Street, Kelso, NSW, 2795",
Motorcycle Rental Net,02 8507 3007,"Sydney, 1004",
The Spare Place,08 8212 3505,"172 Grote Street, Adelaide, 5000",
Abc Spare Parts Northside,07 3205 3477,"Lot 16 South Pine Road, Strathpine, 4500",
All Motorcycle Transport,0474 221 951,"Melbourne, 3000",
Torino Motorcycles,02 9660 7557,"10-12 Barr Street, Camperdown/Glebe, 2037",
Motorcycles Dealers,07 5499 7805,,
Brookvale Freedom Motorcycles and Scooters,02 9938 4777,"3/40 Roger Street, Brookvale, 2100",
Motorcycle Transport & Logistics,1300 769 991,"771 Sydney Road, Brunswick, 3056",
Motorcycle Service Centre,02 9524 6456,"5/73 Willarong Rd, Caringbah, 2229",
Express Motorcycles,07 3202 2144,"73 Keogh St, West Ipswich, 4305",
Semi Trailer Spare Parts,02 9625 3988,"6/ 4 Stout Rd, Druitt, 2770",
Brisbane Motorcycle Spares & Repairs,0418 745 338,"Camira, Queensland, 4300",
Chopper's Motorcycle Tours,1300 735 577,,
SC. Moto - All things motorcycles!,02 4982 7577,"15 George Road, Salamander Bay, 2317",
Italian Motorcycles,08 8262 2099,"Cnr Grand Junction & South Roads, Wingfield, 5013",
ADAM BESEDIC MOTORCYCLE & SMALL MOTOR REPAIRS,02 6341 1951,"29 Young Road, Cowra, 2794",
Prestige Motorcycle Cruises,0411 268 292,"12 Marine Pde, Southport, 4215",
Motorcycle Riding School,07 3855 3655,"Brisbane, 4000",
Australian Motorcycle Adventures,07 3855 3542,"424 Samford Rd, Enoggera, 4051",
Baxters Motorcycle Engineering,08 8984 4794,"2 Frank Crt, Berrimah, 0828",
Sporting Motorcycle Club,0439 389 497,,
Norm's Motorcycle Repairs,0435 520 818,"Unit 5 99 Reichardt Road, Winnellie, 0820",
Cessnock Motorcycles & Accessories,02 4990 2527,"176 Vincent St, Cessnock, 2325",
BikeNut Motorcycle Transport,1300 245 368,"PO Box 12728, Melbourne, 3000",
Dragon Motorcycles,07 5527 4230,"1/33 Lawrence Drive, Nerang, 4211",
Gilbert's Motorcycles,02 6372 4146,"1/ 12 Sydney Rd, Mudgee, 2850",
Paul's Motorcycles,0405 553 380,,
Maryborough Motorcycle Club,0428 965 004,"PO Box 89, Maryborough, 3465",
Leeton Motorcycle Club,0428 238 885,"FARM 2049 ERREY RD, LEETON, 2705",
Australian Motorcycle Wholesalers,0475 777 007,,
Nt Motorcycle Centre,08 8939 0390,"637 Stuart Highway, Berrimah, 0828",
Classic Motorcycle Rentals,0409 190 553,"Yanchep, 6035",
JB Motorcycle Repairs,0459 209 829,"Summertown, 5141",
Hartwell Motorcycle Club,0411 477 497,"14 Osmington Circle, Narre Warren Sth, 3805",
Spoton Motorcycles,1300 133 587,"423 ELIZABETH STREET, MELBOURNE, 3000",
Powerhouse Motorcycles,03 5941 6400,"RYTHDALE, 3810",
Goodies Motorcycle Wreckers,02 6722 3677,"Sweaney St, Inverell, 2360",
Roadcraft + Motorcycle Techniques,08 8339 8486,"Sturt, 5156",
Missile Motorcycle Couriers,0419 533 052,"55 Darling, Oakleigh, 3166",
AJ Motorcycles Parts & Apparel,03 5822 2466,"4 Purcell St, Shepparton, Victoria",
Yanmar Spare Parts,02 4967 4444,"20 spit island close, mayfield west, 2304",
Classic Allparts,02 9798 7822,"536 - 540 Parramatta Rd, Ashfield, 2131",
Chapman Motorcycles,08 9328 3400,"266 Lord, Street Perth, 6000",
Motorcycle Adventure Products,07 3139 0387,"Local Riders Call For An Appointment Else PO Box 73, Dayboro, 4521",
Rocket Motorcycle Tours,0447 823 745,"North Tamborine, 4272",
Metropolitan Motorcycles,02 9748 7400,"88-90 Silverwater Rd, Silverwater, 2264",
Gladstone Motorcycles,07 4972 9944,"Toolooa Street, Gladstone South, 4680",
Tt Motorcycles,03 5976 2453,,
Alexandra Motorcycles,03 5772 1045,"65 Downey Street, Alexandra, 3714",
Warrnambool Motorcycle Club,0417 395 805,,
British Classic Spare Parts,07 5439 9729,"36 Pinelands Drive, Beerwah, 4519",
Cairns Performance Motorcycles,07 4031 4933,"60 Fearnley St, Portsmith, 4870",
In City Motorcycles,08 9470 4446,"614 Albany Highway, Victoria Park, 6100",
Motorcycle Movers Vic,1300 462 668,"P O Box 337, Dallas, 3047",
Hunter Motorcycle Club,02 4951 6338,"PO Box 750, CARDIFF, 2285",
Taree Motorcycle Club,0412 366 260,,
Adventure Motorcycle Equipment,1300 883 908,"Unit 2 of 74-76 Townsville st, Fyshwick, 2609",
Mandurah Motorcycle Training,0400 093 624,"1 Rod Court, Mandurah, 6210",
Yamaparts & Pieces Motorcycle Wreckers,03 9562 8488,"2061 Princes Hwy, Clayton, 3168",
Kawaparts & Pieces Motorcycle Wreckers,03 9562 8488,"2061 Princes Hwy, Clayton, 3168",
Hondaparts & Pieces Motorcycle Wreckers,03 9562 8488,"2061 Princes Hwy, Clayton, 3168",
Import Motorcycle Centre Pty,07 3808 9440,"Brisbane, 4101",
Price's Spare Parts,07 4662 1013,"Toowoomba Rd, Dalby, 4405",
Skyline Spares,0410 069 096,"Unit 54 93 Newton Road, Wetherill Park, 2164",
Capalaba Spare Parts,07 3824 1555,"319 Redland Bay Rd, Capalaba, 4157",
Mathews Motorcycles,02 6882 3422,"BALLIMORE, 2830",
Northside Motorcycle Tours,0413 511 106,"Brisbane, 4000",
True Blue Motorcycle Accessories,08 8723 3263,"311 Commercial St W, MOUNT GAMBIER, 5290",
Toowoomba Junior Motorcycle Club,07 4632 6062,"P O Box 521, TOOWOOMBA CITY, 4350",
Australian Motorcycle Services,1300 322 201,"Blossom Street, Pimpama, 4209",
Brisbane Motorcycle Towing,0400 776 607,"28 Nimerette Street, Bellbird Park, 4300",
JDK Motorcycle Wreckers,02 6658 2299,"20 Hulberts Rd, Toormina, 2452",
United Motorcycle Council Queensland,07 3809 4412,,
Grand Prix Motorcycles,07 3392 9166,"4/780 Boundary Road Coopers Plains, Brisbane, 4108",
Fuel Injected Motorcycles,03 5237 4206,"p o box 851, Apollo Bay, 3233",
South Burnett Motorcycles,07 4162 2222,,
Gold Coast Motorcycles,07 5591 2449,"48 Olympic Cct, Southport, 4215",
Simon Bell Motorcycles,02 6862 6059,"Lot 2 Saleyards Rd, Parkes, 2870",
One Stop Motorcycles,07 3806 9711,"Unit 2/ 28 Johnson Rd, Browns Plains, 4118",
Leading Edge Motorcycles,07 3881 3150,"33 South Pine Rd, Strathpine, 4500",
Incity Used Motorcycles,08 9470 4446,"614 Albany Highway, Victoria Park, 6100",
A.R. Maxwell Motorcycles,02 5883 1315,"Deniliquin Rd, Finley, 2713",
Mk1 Motorcycles,03 9775 1299,"CARRUM DOWNS, 3201",
JCS Motorcycles,08 9472 1326,"287 Great Eastern Highway, Burswood, 6100",
Stormforce Motorcycles,02 6622 8886,"35 Casino Street, South Lismore, 2480",
Brian Connor's Motorcycle Centre,02 9905 8338,"1/ 9 Mitchell Road, Brookvale, 2100",
Custom Motorcycle Seats,0400 770 796,,
Mildura Motorcycle Club,03 5023 5023,"385 391 Deakin Avenue, Mildura, 3500",
Wanderers Motorcycle Touring Club,07 3882 1068,"42 Oxford St, Joyner, 4500",
Mornington Honda Motorcycles,03 5975 9522,"901A NEPEAN HWY, MORNINGTON, 3931",
Fine Line Motorcycles,02 6552 2546,"TAREE SOUTH, 2430",
Corser Concepts Motorcycle School,0414 552 781,"2665 Illawarra Highway, Albion Park, 2527",
HID SPARES - TOYOTA PARTS WRECKERS ***SPARE PARTS WRECKERS***,03 9305 2500,"43 Halley Crescent, Campbellfield, 3061",
Frank Thomas Motorcycle Accessories,0412 213 885,"11 Great Western Hwy, Parramatta, 2150",
Dream Legends Motorcycle Tours,02 9584 2451,"Peakhurst, 2210",
Golden West Motorcycle Tours,07 4630 3133,"TOOWOOMBA CITY, 4350",
Geelong & Coast Motorcycle Tours,1800 633 366,"Geelong, 3220",
Ross Walsh Motorcycle Services,03 6273 9510,"15 Springfield Ave, Moonah, 7009",
Southern Cross Motorcycle Tours,07 5445 0022,"335 Hunchy Rd, Palmwoods, 4555",
Odin's Warriors Motorcycle Club,02 5524 8056,"15 Machinery Drv, Tweed Heads, 2486",
Nelson Bay Motorcycle Tours,02 4982 1615,"Anna Bay, 2316",
Milwaukee Muscle Motorcycle Tours,0414 877 002,"Manly, 4179",
Motorcycle Riders Association Tas,0412 973 319,"Prospect Vale, 7250",
Motorcycle Riders Association ACT,02 6292 5814,"PO Box 1768, Canberra, 2902",
M & D's Motorcycle Centre,07 5483 6868,"51 Tozer St, Gympie, 4570",
Logan River Motorcycle Club,07 3349 0629,"2 Patella St, Mansfield, 4122",
Koesling Peter Motorcycle Services,08 8231 9346,"11 Shannon Pl, Adelaide, 5000",
Hunter Valley Motorcycle Tours,02 4938 7129,"Greta, 2334",
American Motorcycle Dream Rides,02 9625 5942,"Rooty Hill, 2766",
Beautiful Noise Motorcycle Tours,02 4368 2562,"P.O. Box 6164, Kincumber, 2251",
Down Under Motorcycle Tours,08 9842 2468,"P.O. Box 5167, Albany, 6330",
Waikerie Motorcycle & Marine,08 8541 3200,"6 Crush Terrace, Waikerie, 5330",
Victorian Motorcycle Council,0409 416 230,"464 St Kilda Road, Melbourne, 3004",
Motorcycle Gear Online,1300 743 346,"38 Wells Road, Seaford, 3198",
Caringbah Motorcycles & the Scooter Store,02 9524 6456,"53-55 Captain Cook Drive, Caringbah, 2229",
Drover Equipment Australia,0458 976 621,,
Moto Melbourne,03 9870 9709,"2/28 Windsor Road, Croydon, 3136",
WA Motorcycle Rider Training,02 9451 7359,"9 Humphrey, St James, 6012",
Scootta's Car & Motorcycle Lessons,0417 957 261,"P.O. Box 7040, Eaton, 6232",
Motorcycles Albury Wodonga,02 6021 4392,"439 Townsend St, Albury, 2640",
Hills Spare Parts Centre,07 4776 1506,"1 Haig St, Ingham, 4850",
Marathon Spare Parts Co,02 6777 7594,"^""Marathon"", Walcha, 2354",
Blue Seal Spare Parts,07 3277 5224,"Unit 3 201 Evans Rd, Salisbury, 4107",
Motor Spares,02 6280 6976,"Canberra, 2600",
Dahlitz Motorcycles,02 6299 0028,"9 Aurora Ave, Queanbeyan, 2620",
Maxwell Motorcycles,02 5883 1315,"Deniliquin Rd, Finley, 2713",
Hunt's Motorcycles,1800 675 552,"8 Still St, Tully, 4854",
Byrnes Motorcycles,02 4421 4899,"28 East Street, Nowra, 2541",
Advent Motorcycles,03 9699 6000,"162 Ferrars Street, South Melbourne, South Melbourne, VIC, 3205",
Bouncer Spares,02 9725 3633,"150 Gipps Rd, SMITHFIELD",
F.A.D. Motorcycle & Sidecar Tours,02 4369 0253,"Kincumber, 2251",
East Gippsland Motorcycle Wreckers,03 5152 6687,"Factory 2 188 Princes Hwy, Bairnsdale, 3875",
Countrywide Motorcycle Tours Australia,02 4474 3926,"P.O. Box 634, Moruya, 2537",
South West Motorcycle Wreckers,02 9602 8999,"Unit 3a 4 Homepride Ave, Warwick Farm, 2170",
Ball Greg Motorcycle Engineers,02 9521 8470,"4 Ethel Rd, Kirrawee, 2232",
Campbell Classic Motorcycles,02 8677 1379,"8 Brodie Street, Rydalmere, 2116",
Darwin Motorcycle Club,0417 842 480,,
Reaper Motorcycle Detailing,0439 944 478,"Upwey, 3158",
Advance Motorcycle & Mower Repairs,02 6555 8522,"Unit 3, 17 Norfolk Close, TUNCURRY, 2428",
Motorcycle Shed,03 5229 2663,"17 Lambert Avenue, Newtown, 3220",
Mo Tow Motorcycle Recovery,0419 654 418,"14 Newells Road, Beerwah, 4519",
Perth Motorcycle Service,0452 453 349,,
Moree Motorcycle Club,0437 778 020,"PO Box 653, Moree, 2400",
Warragul Motorcycle Club,0418 515 368,"PO Box 106, WARRAGUL, 3820",
Lancefield Motorcycle Run,0409 335 970,"PO Box 82, Romsey, 3434",
Classic Motorcycle Shed,03 5956 9195,,
ace motorcycle wreckers,03 9457 2723,"2/14 Aileen Avenue, Heidelberg West, 3081",
All American Motorcycles,03 9879 3322,,
Acer Spare Parts,1300 601 241,,
Hert Motorcycles,07 4054 7144,"Hank's Engineering, Bungalow, 4870",
Ozie Auto Spare Parts & Accessories,02 9725 7908,"4-6/181 Sackville Street, Fairfield, 2165",
Phelps Fullwood Motorcycles & Watersports,08 8985 4100,"Units 1 & 2, 273 Bagot Road, DARWIN, 0800",
Mosquito Motorcycle Tyre Centre,03 9428 6461,"Rear 73 Cubitt St, Richmond",
Eraps Spare Parts,02 9718 1833,"40-42 Perry Street, Campsie, 2194",
Topgear Motorcycles,03 9776 9991,"17 Hartnett Drive, Seaford, 3198",
The National Motorcycle Museum,02 6241 8131,"26 Kemble Court, Mitchell",
Alice Springs Motorcycle Tours,08 8955 5797,"P O Box 8465, Alice Springs, 0870",
Advantage Motorcycle Rider Training,0409 110 862,"Tuart Hill, 6060",
Motorcycle Detailing And Transport,0403 697 472,,
Robinvale District Motorcycle Club,0447 263 377,"PO Box 981, Robinvale, 3549",
Maitland District Motorcycle Club,0428 139 869,,
Maffra Sale Motorcycle Club,0421 554 692,"PO Box 336, Maffra, 3860",
Mick Cook Motorcycle Repairs,02 9718 9664,"Rear 605 Canterbury Rd, Belmore, 2192",
Heritage City Motorcycle School,0408 071 981,"Maryborough, 4650",
All Sun Motorcycle Dismantlers,02 9987 4088,"4/ 91 Hunter St, Hornsby, 2077",
Mirage Motorcycle Fiberglass & Accessories,08 9493 2742,"Unit B/10 Ryelane, Maddington, 6109",
Honda Australia Motorcycle & Power Equipment,03 9270 1111,"1954-1956 Hume Highway, Campbellfield, 3061",
C & M Motorcycles,02 9605 6295,"Unit 7 / 38 Lancaster Street, Ingleburn, 2565",
Pwonly Australia Spare Parts Store,02 9676 7088,"Unit 1 24 Garling Road, Kings Park, 2148",
Oakdale Junior Motorcycle Club,0422 722 257,,
Suncoast Junior Motorcycle Club,07 5446 1588,"PO Box 222, NAMBOUR, 4560",
Spare Part Boxes,03 9728 8153,"49 Belfast Road, Montrose, 3765",
GPS Imports Pty Ltd (Grand Prix Spares),03 9415 6117,"120 Johnston Street, Collingwood, 3066",
Flywheels Motorcycle Engineering,02 9565 4897,"Unit A, Marrickville, 2204",
Kickstart Motorcycle Training,0458 750 460,,
Taree Motorcycle Movers,0427 473 019,"Taree, 2430",
David Fraser Motorcycles,02 4256 4977,,
Jack Graham Motorcycles,0422 717 778,,
Steve Inskip Motorcycles,02 4959 2937,"1 James Street, Toronto, 2283",
Mike Hone Motorcycles,03 9890 0304,"715-717 Whitehorse Road, Box Hill, 3128",
Lloynd Chapman Motorcycles,08 9328 3400,"266 Lord Street, Perth, 6000",
Port Hedland Motorcycles,08 9172 2279,"51 Murrena Street, Port Hedland, 6721",
J & P Motorcycles,02 6964 2422,"436 Banna Avenue, Griffith, 2680",
Top Two Motorcycles,07 4661 3363,"130 Palmerin Street, Warwick, 4370",
T & T Motorcycles,07 4671 0216,"44 Herbert Street, Goondiwindi, 4390",
Tom Claxton Motorcycles,02 6732 3878,"Cnr Ferguson & Lambeth Streets, Glen Innes, 2370",
Steve Hunt's Motorcycles,07 4068 1763,"8 Still Street, Tully, 4854",
Mick Cole Motorcycles,02 6492 3122,"Unit 1 Ridge Street, Bega, 2550",
Ride On Motorcycles,02 6685 6304,"5 Banksia Drive, Byron Bay, 2481",
North City Motorcycles,08 9300 2500,"9 Franklin Lane, Joondalup, 6027",
Pratt & Osborne Motorcycles,03 5223 2822,"233 Moorabool Street, Geelong, 3220",
Mulholl And Motorcycles,02 6882 8884,"11 Victoria Street, Dubbo, 2830",
Mount Isa Motorcycles,07 4743 7026,"125 Camooweal Street, Menzies, 4825",
Wayne Patterson Motorcycles,08 9721 7470,"1 Cornwall Street, Bunbury, 6230",
Wilson Don Motorcycles,02 9750 4734,"4/117 Punchbowl Rd, Greenacre, 2190",
Vintage & Modern Motorcycles,08 9459 8981,"34 Davison Street, Maddington, 6109",
V 2 Motorcycles,07 3848 8422,"Unit 2 138 Tennyson Memorial Drive, Tennyson, 4105",
Trevor Jordan Motorcycles,02 4228 9683,"118 Corrimal Street, Wollongong, 2500",
Central Coast Motorcycles,02 4324 3355,"5 Hely Street, West Gosford, 2250",
Chris Weekes Motorcycles,02 4821 4911,"1 Goldsmith Street, Goulburn, 2580",
Farrell Flat Motorcycles,08 8843 8011,"South Tce, Farrell Flat, 5416",
First Place Motorcycles,02 4960 2912,"41 Station St, Waratah, 2298",
Fraser Motorcycles Wollongong,02 4285 1400,"11-13 Princess Highway, Fairy Meadow, 2519",
Fraser Motorcycles Bathurst,02 6332 5445,"266 Stewart Street, Bathurst, 2795",
F & S Motorcycles,02 5881 6577,"391 Cressy St, Deniliquin, 2710",
E & E Motorcycles,07 4121 5885,"437 Alice St, Maryborough, 4650",
Don Lark Motorcycles,02 6895 4177,"121 Bathurst St, Condobolin, 2877",
Dave Byrnes Motorcycles,02 4421 4899,"28 East St, Nowra, 2541",
D & R's Motorcycles,07 4622 5710,"Mitchell Rd, Roma, 4455",
Cooma Monaro Motorcycles,02 6452 3490,"1 Short Street, Cooma, 2630",
Chapman Lloyd Motorcycles,08 9328 3400,"266 Lord St, Perth, 6000",
Glenn Henry Motorcycles,02 4422 0833,"Lot 5 61 Albatross Road, Nowra, 2541",
B & B Motorcycles,02 6742 2398,"26 Barber Street, Gunnedah, 2380",
Bike Works Motorcycles,03 6228 6626,"2 Florence Street, Moonah, 7009",
Action Motorcycles Sydney,02 9212 1122,"74 Wentworth Street, Sydney, 2000",
South Coast Motorcycles,08 9071 2677,"62 Norseman Road, Chadwick, 6450",
Sports Rider Motorcycles,03 6331 9913,"31 Tamar Street, Launceston, 7250",
Ray Moore Motorcycles,08 9021 6527,"220 Boulder Road, South Kalgoorlie, 6430",
Phillips Brian Motorcycles,02 4782 2507,"162 Main St, Katoomba, 2780",
Philip Russell Motorcycles,03 5562 0222,"153 Raglan Parade, Warrnambool, 3280",
R & M Motorcycles,08 8972 2693,"1127 Victoria Hwy, Katherine, 0850",
Penna Les Motorcycles,03 5443 5375,"49 Myers St, Bendigo, 3550",
P & N Motorcycles,02 6568 2238,"Lot 5 Yarrawonga St, Macksville, 2447",
Mick Dyer Motorcycles,02 4721 1729,"Unit 8 121 Coreen Ave, Penrith, 2750",
Laang Park Motorcycles,03 5566 2248,"218 Thorburns Rd, Laang, 3265",
Laverda Motorcycles Sydney,02 9569 8888,"575 Parramatta Rd, Leichhardt, 2040",
Love Motorcycles Artarmon,02 9437 4755,"94 a Reserve Rd, Artarmon, 2064",
J & J Motorcycles,08 9021 4536,"468 Hannan Street, Kalgoorlie, 6430",
Great Southern Motorcycles,08 9841 2246,"58 Chester Pass Road, Albany, 6330",
Graeme Boyd Motorcycles,02 4952 1577,"148 Lambton Rd, Broadmeadow, 2292",
Gee Force Motorcycles,02 6553 7781,"9 Jay Cl, Old Bar, 2430",
Baxter & Trengove Motorcycles,03 5331 5015,"6 a Sheppard St, Ballarat, 3350",
Claxton Tom Motorcycles,02 6732 3878,"Ferguson St, Glen Innes, 2370",
Byrne Tom Motorcycles,02 9264 5157,"140 Princes Hwy, Peters, 2044",
Brookvale Freedom Motorcycles,02 9938 4777,"40 Roger St, Brookvale, 2100",
North West Motorcycles,03 6425 3337,"4 Reibey Street, Ulverstone, 7315",
Brisan John Motorcycles,02 4969 4500,"Cnr Hannell & Greenway Sts, Wickham, 2293",
Action Motorcycles Penrith,02 4722 6222,"606 High Street, Penrith, 2750",
John Fretten Motorcycles,02 9831 4932,"Cnr Sunnyholt & Tattersalls Roads, Blacktown, 2148",
Lloyd Penn Motorcycles,02 9906 8488,"34 Punch Street, Artarmon, 2064",
lees spare parts,07 3841 6023,"1-54 Kingston Rd, Underwood, 4119",
Modern Maid Spare Parts,03 9331 7373,"191 Roberts Rd, Airport, 3042",
Scootissimo Scooter Parts,0400 093 702,,
Wright Motorcycles,02 6226 4188,"Unit 2/234 Comur Street, Yass, 2582",
Fusion Motorcycles,03 9740 7098,"P O Box 772, Sunshine, 3020",
Learn Rite Motorcycle School,0400 655 627,"Joondalup, 6027",
Bsa/hd Motorcycle Club,0409 886 771,"PO Box 1980, Midland, 6936",
Pearson's Lawnmowers & Motorcycle Repairs,02 6888 7423,"5 Dandaloo St, Trangie, 2823",
Australia Wide Motorcycle Movers,1800 623 556,"P O Box 122, NUNDAH, 4012",
Australian Motorcycle Tours,02 6494 1888,"58 Market Street, Merimbula, 2548",
Tenterfield Motorcycle And Mechanical,02 6736 1636,"1/199 Rouse Street, Tenterfield, 2372",
Precision Motorcycle Bodywork Repairs,03 6344 5866,"Thistle St, Launceston, 7250",
American Eagle Motorcycle Tours,0416 220 463,"PO Box 1624, Tuggeranong, 2906",
Hunter Motorcycles,02 9454 7700,"PO Box 3135, Narellan, 2567",
Americar Parts & Imports,02 6280 0110,"99- 101 Wollongong St, Fyshwick, 2609",
Japanese Motorcycles & Dismantlers,08 8262 6335,"KILBURN, 5084",
Clipstone Yamaha,03 9870 9488,,
Ballina Motorcycles,02 6681 3000,,
Motorcycles Warragul,03 5623 5477,"4 Peace Avenue, Warragul, 3820",
West Coast Motorcycle Clothing,0414 331 239,"51 McLarty Street, Dwellingup, 6213",
St George Motorcycle Club,02 9521 3715,"PO Box 249, CARINGBAH, 1495",
C&c Motorcycle Seats,1800 673 793,,
Wickham Spares,02 4961 6001,"Cnr Grey & Union Sts, Wickham, 2293",
Commcar Spares,03 9773 5455,"Fact12/4 Amayla Crs, Carrum Downs, 3201",
Riverside Spares,02 9755 2099,"28-30 Riverside Rd, CHIPPING NORTON",
Rover Spares,02 9709 5611,"45 Fairford Rd, Padstow, 2211",
Tarrawanna Spares,02 4284 2026,"9- 17 Bellambi St, Tarrawanna, 2518",
Sunderland Spares,03 6272 3539,"86 Sunderland St, Derwent Park, 7009",
Revesby Spares,02 9773 6563,"178 Milperra Rd, Revesby, 2212",
Rebel Spares,02 4323 4448,"Citigate Shopng Cntr, Gosford, 2250",
Quantum Spares,02 9676 5740,"Unit 28 11 Romford Rd, Blacktown, 2148",
R.C. Spares,02 9651 2687,"18 Kenthurst Rd, ROUND CORNER, 2158",
Nisszed Spares,03 9308 7494,"78 Hume Hwy, Somerton, 3062",
Maza Spares,03 9720 1144,"15 Kearney St, Bayswater, 3153",
Justcomm Spares,02 9684 4066,"241 Victoria Rd, Drummoyne, 2047",
Holton Spares,02 9981 4497,"174 South Creek Rd, Dee Why",
Better Spares,02 4969 1762,"120 Maitland Rd, Islington, 2296",
Ballina Spares,02 6686 8616,"65 Riverview Ave, Ballina, 2478",
Caspar Spares,02 4628 5809,"Shop 14, Market Place Copperfield Drv, Rosemeadow, 2560",
Celicar Spares,02 9756 6606,"9/65 Elizabeth St, Wetherill Park, 2164",
Capri Spares,03 9547 8422,"121 Westall Rd, Clayton, 3169",
Bright Spares,02 9553 9989,"708 Princes Hwy, Kogarah, 2217",
Alltoy Spares,02 9708 2644,"59 Rosedale Ave, Greenacre, 2190",
Abundant Spares,02 9709 6842,"72 & 26 Beresford Ave, Greenacre, 2190",
MB Spares,1300 787 300,"14 Lyell Street, Fyshwick, 2609",
Rustic Spares,02 6562 6698,"21 Rustic La, Kempsey, 2440",
Slipstream Motorcycles,03 9740 3100,"Unit 3 / 65 Horne Street, Sunbury, 3429",
Motorcycle Tyre Bargains,03 9351 0055,"559 Keilor Rd, Niddrie, Victoria, 3042",
Vietnam Veterans Motorcycle Club,0414 642 349,,
Dandenong Motorcycle Club Inc,0408 471 988,"Unit 9 5 Paul Crt, Dandenong, 3175",
Freestyle Honda Motorcycles,03 9786 9999,"38 Wells Road, SEAFORD, 3198",
Peter Stevens Motorcycles,03 9791 7722,"109 Lonsdale Street, Dandenong, 3175",
Kim Britton Motorcycles,08 9592 1113,"91, Dixon Road,, Rockingham, 6168",
Womens International Motorcycle Association,02 6297 9570,"P.O. Box 673, Jamison Centre, 2614",
Nationwide Motorcycle Wholesalers & Assessors,02 4271 2900,"Wollongong, 2500",
Alice Springs Motorcycle Club,0408 566 143,"Po Box 956, 0871",
Triumph Spares,0402 840 018,,
Balls High Performance Motorcycle Tuning Crash Repairs & Tyres,03 9364 8993,"18 Fourth Avenue, Sunshine, 3020",
Sunset Motorcycle Hire Wa,08 9529 3050,"109 Day Road, Rockingham, 6168",
Allan Rigby Motorcycle Services,08 8724 9296,"Gambier, 5290",
Good Vibrations American Motorcycle Rides,03 9874 4542,"P.O. Box 278, Nunawading, 3131",
Proracer Motorcycles & Jetskis,02 4954 5258,"56 METCALF ST, WARNERS BAY, 2282",
Mornington Motorcycles & Pwc's,03 5976 3800,,
Laurie Fox Motorcycles,08 8725 9266,"3 Wehl St, Mount Gambier, 5290",
Desert Edge Motorcycles,08 8952 1499,"31 Nth Stuart Highway, Alice Springs, 871",
Phil Thomlin Motorcycles,02 6342 3899,"15 Young Road, Cowra, 2794",
Mick Muldoon Motorcycles,02 6332 1988,"13 Bradwardine Rd, Bathurst, 2795",
J&p Motorcycles,02 6964 2422,"2-8 Banna Ave, Griffith, 2680",
Alexandra Motorcycles & Machinery,03 5772 1045,"65 Downey Street, Alexandra, 3714",
Graeme Morris Motorcycles,02 4957 0674,"4 Cameron Street, Broadmeadow, 2292",
Hunter Motorcycles Australia,0400 715 407,,
Bunbury City Motorcycles,08 9721 6488,"14 Stuart Street, Bunburry, 6230",
Port Macquarie Motorcycles,+61 2 6583 6060,"59 Hastings River Dr, Port Macquarie, 2444",
Southern River Motorcycles,08 9398 6022,"2322 Albany Highway, Gosnells, 6110",
Speedway Motorcycle Club Wa,0433 300 841,"Pederick Road, Wanneroo/Neerabup, 6031",
Legend Harley Motorcycle Tours,08 8285 7772,"Paralowie, 5108",
Victory Motorcycles Australia and New Zealand,1300 721 360,"826 Sturt Street, Ballarat, 3350",
Frys Spares,03 9646 0994,"141 Alexander Street, Crows Nest, 2065",
West Oz Custom Motorcycles,08 9437 1957,"Unit 3 , 27 Dooley, Naval Base, 6165",
Cowra Motorcycle Racing Club,02 6342 4611,"PO Box 446, Cowra, 2794",
Dennis Foran Motorcycle Exhausts,02 4325 0614,,
Piston Broke Motorcycles,03 9762 2128,,
Outfit Motorcycle Funerals,0418 457 456,,
Ezy Motorcycle Training,0430 599 359,,
Elite Motorcycle & Driver Training,0402 127 909,"Unit 2 / 135 Great Eastern Highway, Rivervale, 6103",
Dudley's Motorcycle Service & Performance Centre,02 4353 3730,"Unit 3/ 14 Donaldson St, Wyong, 2259",
Sportscar Spares,02 9631 9188,"204 Toongabbie Rd, Girraween, 2145",
Vince Strang Motorcycles,02 6721 0610,"259 Byron Street, Inverell, 2360",
West Coast Motorcycle Hire,0408 480 426,"Darch, 6065",
Legends Cafe & Motorcycle Accessories,07 3496 2352,"Woody Point, 4019",
Moore Spares Truck Parts,02 4628 5555,"62 Blaxland Road, Campbelltown, 2560",
Southern Cross Motorcycle Club,0428 495 030,"Post Office Box 60, Southern Cross, 6426",
Gold Coast Motorcycle Rally,07 3217 0570,,
A & R Spare Parts Specialists,0419 785 017,"14 Guinness St, Everton Park, 4053",
Micks Motorcycles,02 6362 5690,"4-6 Peisley st, Orange, 2800",
Lee's Spares,02 9623 5040,"112 Dunheved Circuit, St Marys, 2760",
Street Fighter Motorcycles,0418 970 184,,
Your Garage / Motorcycle Man,0425 709 199,"19 Hartington Drive, Wantirna, 3152",
PRO AUTO PARTS,0402 903 007,"6 Locan Court, Altona Meadows, 3028",
Korumburra Motorcycle Club Inc,0409 430 568,"PO Box 537, Cranbourne, 3977",
UEK Motorcycle Rental Sydney,02 8385 8579,"809 Princes Highway, Tempe, 2044",
ARRIVE ALIVE MOTORCYCLE SCHOOL,0432 395 797,"Wanneroo, 6065",
Eziauto Parts,0419 136 944,,
Cross Up Motorcycles,02 4648 1744,,
G.r.m. Motorcycles Repairs,03 5979 7066,"2069 Frankston Flinders Rd, Hastings, 3915",
Speedway Road Motorcycles,03 6426 2333,"186 Gilbert Street, Latrobe, 7307",
Qmr Auto Parts,07 3274 4200,,
Sydney Motorcycle Centre,02 9630 9898,"195 Briens Road, Northmead, 2152",
Barossa Valley Junior Motorcycle Club,08 8562 3613,"11 Stuart Street, Nuriootpa, 5355",
Vintage Motorcycle Club Of Australia,02 9808 1016,"DENISTONE EAST, 2112",
Mathews Motorcycles & Marine,02 6882 3422,"BALLIMORE, 2830",
Heavy Duty Motorcycles Brisbane,07 3208 3300,,
Wayne Olbrich Motorcycle Wreckers & Repairs,02 4283 7555,"8 Chapman St, Fairy Meadow, 2519",
Daisuzi Spares,08 8369 0037,"5 Dundee Ave, Holden Hill, 5088",
Speedy Spares,03 9376 1333,"451 Macaulay Road, Epping, 3031",
Gemini Spares,08 8258 7722,"Unit 2, 87 Rundle Rd, Salisbury South",
Northside Motorcycles,02 9439 3549,"335 Pacific Highway, Artarmon, 2064",
Northside Motorcyle Centre,07 3205 8555,"240 Leitchs Rd, Brendale, 4500",
In City Used Motorcycles,08 9470 4446,"614 Albany Hwy, Victoria Park, 6100",
Mornington Motorcycles & PWC's,03 5976 3800,"Mornington, 3931",
Motorcycles Gold Coast,03 9315 6700,"POBox 611, Williamstown, 3016",
Fretten John Motorcycles,02 9622 4829,"Cnr Sunnyholt & Tattersall Roads, Kings Park, 2148",
A & J Motorcycles,07 4778 2711,"3/ 2 Wairopi St, Idalia, 4811",
Mega Motorcycles,07 4152 3490,"SVENSSON HEIGHTS, 4670",
Northwest Spares,02 6792 2422,"53 Cooma Rd, Narrabri, 2390",
Top End Motorcycle Wreckers & Repairs,08 8947 5022,"Shed 15/ 662 Stuart Hwy, Berrimah, 0828",
Antique Motorcycle Club Of Australia,03 5626 1220,,
Australian Motorcycle Fairing Exchange & Repairs,0412 853 258,"Wollongong, 2500",
South Burnett Motorcycle Rider Training,07 4162 3125,"10258 Bunya Highway, Kingaroy, 4610",
Australian Motorcycle Trader,03 9567 4100,"73 Atherton Rd, Oakleigh, 3166",
Carbitz parts@accessories,03 9803 3022,"261 -263 Blackburn Road, Mt Waverley, 3149",
Ulysses Motorcycle Club (S.A.) Incorporated,0409 672 260,"Everard Park, 5035",
Clubman Tourers Motorcycle Club Inc,02 9593 1999,"20 O'Neill St, Brighton-le-Sands, 2216",
Great Ocean Road Motorcycle Tours,0418 310 931,"Ocean Grove, 3226",
Mornington Classic Motorcycle Tour Co.,03 5975 7384,"B Shop 2 Empire Mall, Mornington, 3931",
Lone Wolf Motorcycle Club Inc,02 6622 0576,"31 Terania St, Lismore, 2480",
Harle Low Rider Motorcycle Tours,08 9418 3210,"47 Falstaff Crescent, Spearwood, 6163",
Mitsi Spares,08 8243 1200,"86 South Terrace, Wingfield, 5013",
Motorcycles Lakes Entrance,03 5155 4588,"NUNGURNER, 3909",
Single Obsession Motorcycles,0401 715 088,"58 Emily Street,, Seymour, 3660",
Newell Motorcycles,07 3891 9565,,
Motorcycle Top Boxes Australia,1300 867 269,"PO Box 405, Laverton, 3028",
Scooter Wreckers,02 9681 1256,"PO Box 5011 Greystanes, 2145",
Dale Britton Motorcycles,08 9470 1234,"5/115 Albany Hwy, Victoria Park, 6100",
God's Squad Christian Motorcycle Club,07 3841 2830,"P.O. Box 59, Woodridge, 4113",
Proserpine Motorcycle & Power Equipment,07 4945 3787,"18 Main Street, Proserpine, 4800",
Hanson's Motorcycle Welding & Castings,03 5491 1049,"Charlton, 3525",
Sunshine Coast Motorcycle School,0428 073 755,,
Port Macquarie Motorcycle Hire,0410 704 549,"2/144 Lake Road, Port Macquarie, 2444",
Donny Pask Cars & Motorcycles,07 5529 0522,"49 Brisbane Rd, Labrador, 4215",
Y Factor Motorcycle Adventures,0415 506 820,"Magenta Crescent, Narangba, 4504",
A1 Motorcycle Paint and Repair,07 5527 2366,"3/36 Lawrence Drive, Nerang, 4211",
Col's Motorcycle Repairs,02 6562 7089,"76 Smith Street, Kempsey, 2440",
Central Coast Junior Motorcycle Club,0412 506 503,,
Historic Motorcycle Racing Association Victoria,0411 153 215,"PO Box 3118, Murrumbeena, 3124",
Ride Ezy Motorcycle School,07 3263 9662,"Brisbane, 4101",
Rider Bros Motorcycle Training,03 9449 7433,"Calder Park Raceway, Calder Park, 3037",
Aitken Motorcycles,1300 654 797,"397 Newbridge Rd, Moorebank, 2170",
Rum City Motorcycle Club Inc,07 4152 3490,"QUNABA, 4670",
PK's Motorcycle Electrical Repair's & Service's,0404 332 148,"Adelaide, 5000",
Australia Wide Motorcycle Transport,0412 859 566,"17 Ogden Street, Bungalow, 4870",
BMH Trading Classic Motorcycle Parts,07 3848 1410,"272 Ekibin Road East, Tarragindi, 4121",
Magnet Spares,02 6765 8844,"9 Dampier St, Tamworth, 2340",
Right Spares,07 3275 2418,"18 Gladstone St, Moorooka, 4105",
Stoney Creek Motorcycles,02 8785 1400,"33 Memorial Avenue, Ingleburn, 2565",
Go Scooters & Motorcycles,07 3804 3333,,
Castle Hill Motorcycles,02 9894 8225,"Unit D2 2A Victoria Ave, Castle Hill, 2154",
Sixty Degrees Motorcycles,03 9562 6603,"Unit 2 26 Howleys Road, Notting Hill, 3168",
Cornish's Tractors Machinery & Spare Parts,02 6762 1008,"196 Warren Rd, Gilgandra, 2827",
Norris Service & Spare Parts Sales,08 9246 2432,"1 Duffy Road, Carine, 6020",
Gold Coast Motorcycle Exhausts,07 5559 0255,,
Gympie Motorcycle Club Inc,0427 708 280,"PO Box 550, GYMPIE, 4570",
Prestige Motorcycle Escorts,1800 800 251,,
Prestige Motorcycles Brisbane,07 3265 5540,"1 / 66 Pritchard Rd, Virginia, 4014",
Zuma Motorcycles Wollongong,02 4285 9400,"609 Princes Highway, Russell Vale, New South Wales, 2517",
Riverland Junior Motorcycle Club,0417 812 517,"Situated on Calperum Hill, Renmark, 5341",
victory motorcycle Imports.Pty Ltd,0408 381 209,"Brookvale, 2100",
Trail and Enduro Motorcycle Club,0404 968 235,,
Virago Motorcycle Club Queensland Inc.,07 3809 2494,"P O Box 818, Darling Heights, 4350",
Junior Precision Motorcycle Riding Team,07 3209 9773,"20 Adelong Rd, Shailer Park, 4128",
Wideline Motorcycle Engineering,03 5975 9522,"901A Nepean Highway, Mornington, 3931",
Latrobe Valley Motorcycle Spares & Repairs,03 5176 4271,"192a Argyle St, Traralgon, Victoria, 3844",
D + D Motorcycle Repairs + Spares,07 5438 1061,"Cnr Allen + Ulm Sts, Caloundra, Queensland, 4551",
City Motorcycle Spares Pty Ltd,07 3252 3440,"12 Ross St, Newstead, Queensland, 4006",
Occ Motorcycles Australia,0417 760 683,,
Red Baron Motorcycles,02 9600 8440,"4 Hoxton Park Road, Liverpool, 2170",
Adelaide Hills Motorcycles,0438 553 358,"Woodside, 5244",
ABC Spare Parts,07 3379 9644,,
All Panels & Parts,08 8384 8418,"11 Meyer Road, Lonsdale, 5160",
Top Rider Motorcycle Rider Training,1300 131 362,"Boundary Road, Mackay, 4740",
Cobram Motorcycles & Mowers,03 5872 2967,"98 Broadway St, Cobram, 3644",
Real Performance Motorcycles,0400 704 900,"Mobile Workshop, Jimboomba, 4280",
Cowra Motorcycles & Power Equipment,02 6342 3899,"56-60 Redfern Street, Cowra, 2794",
Prosperine Motorcycles & Power Equipment,07 4945 3787,"10 Chapman Street, Proserpine, 4800",
Cape York Motorcycle Adventures Cymca,07 4059 0220,"Po Box 105, Clifton Beach, 4879",
Reno Spares,03 9336 1602,"8 Disney Avenue, Keilor East, 3033",
Byron Spares,02 6722 2983,"213 Byron Street, Inverell, 2360",
U.K.W Spares,07 3255 6500,"71 Rodwell St, Archerfield, 4108",
Fairford Spares,02 9709 4777,"109 Gow St, Padstow, 2211",
Direct Spares,02 9757 2954,"46b O'Connell, SMITHFIELD",
Daniel's Spares,02 9808 3922,"50 Buffalo Rd, Gladesville, 2111",
Valiant Spares,02 9905 9670,"32-34 Sydenham Rd, Brookvale, 2100",
Value Spares,02 9550 5588,"596 Princes Hwy, St Points",
Cathouse Spares,02 9747 2144,"176 Liverpool Rd, ENFIELD",
T.r. Spares,02 9709 5611,"Unit 12/9 Wordie Pl, Padstow, 2211",
Jaguar Spares,07 3356 5255,"Unit 3 Kelvin St, Newmarket, 4051",
Hornsby Spares,02 9481 0602,"4 Pioneer Ave, Thornleigh, 2120",
Japworld Spares,02 9577 5055,"261-281 Princes Hy, St Points",
Jagara Spares,02 9708 0521,"80 Stacey St, Bankstown, 2200",
Holtoy Spares,02 9709 4755,"109 Gow St, Padstow, 2211",
Alljap Spares,02 9790 3449,"8- 10 Beresford Ave, Greenacre, 2190",
Avanti Spares,07 3262 1222,"119 Sandgate Rd, Albion",
Bradford Spares,02 9835 6000,"Shop 13, 211 Buckwell Drv, Hassall Grove, 2761",
Camry Spares,02 9632 0022,"85-87 Larra St, Yennora",
ABCO Spares,02 9905 2222,"51 Orchard Road, Brookvale, 2100",
Allford Spares,02 9709 3399,"40 Claremont Avenue, Greenacre, 2190",
Fordham Spares,02 9597 6688,"34 Arncliffe, ARNCLIFFE",
Chap's Easy Rider Motorcycle School,0488 508 240,"17 Sussex St, Mt Clarence, 6330",
R.f.g. Sales & Spares,03 6435 1544,"6 Fairlands Drv, Somerset, 7322",
M.B Spares & Service,1300 787 300,"14 - 16 Lyell Street, Fyshwick, 2609",
Windsor Auto Spares,02 4577 4700,"519 George Street, South Windsor, 2756",
Insure My Ride Motorcycle Insurance,03 8520 1393,"616 St Kilda Road, Melbourne, 3004",
Ford Parts Australia,08 8341 1122,"242 Grand Junction, Athol Park, 5012",
Wild Rhino Motorcycles,03 5272 2666,,
Otway Off Road Motorcycle Tours,0411 610 111,"Parkers Rd, Deans Marsh, 3235",
Magneto Repair & Spare Parts Service,02 9651 4306,"434 Galston Rd, Dural, 2158",
"Melbourne Motorcycles, Servicing and Accessories",03 9351 0055,"561 Keilor Road,, Niddrie, 3042",
Brookevale Spares,02 8788 8880,"82 Percival Road, Smithfield, 2164",
Australian Cumfy Motorcycle Seats,0412 546 227,,
Ducati Brisbane,07 3848 8422,"Walker Street, Brisbane, 4105",
Motorcycle and ATV Warehouse,07 5495 5655,"95 Lear Jet Drive, Caboolture, 4510",
fergusson logistics motorcycle transporters,03 9747 1666,"PO Box 2197 Melton South, Melbourne, 3000",
Westside Motorcycles Victoria,03 9364 2201,"260 McIntyre Rd, Sunshine North, 3020",
VE Online Auto Parts,02 6362 5900,"282-286 Peisley Street, Orange, NSW, 2800",
Suzi Spares & Service,08 9443 2666,"28 Colray Avenue, Osborne Park",
Abs Motorcycles,03 5441 8177,,
Cessnock Motorcycles,02 4990 2527,"CESSNOCK, 2325",
Melbourne Auto Parts,03 9357 5515,"110 Killara Road, Campbellfield, 3061",
Geoff R. Taylor Motorcycles,03 9792 3270,"94 Forster Street, Dandenong, 3175",
On Two Wheels Motorcycles,02 4626 7983,"304 Queen Street, Campbelltown, 2560",
Red Baron Motorcycles Liverpool,02 9600 6788,"4 Hoxton Park Road, Liverpool, 2170",
Valley Motorcycle Smash Repairs & Refinishing,0412 253 932,"43 Enterprise Cresent, Singleton, 2330",
Riverland Marine And Motorcycles,08 8584 6766,"105 Bookpurnong Road, Loxton, 5333",
K Sydney City Motorcycles,02 9587 3000,"46-48 Princess Highway, Kogarah, 2217",
M & C Parisi Motorcycles,02 6836 2669,"18 Frederick Street, Cobar, 2835",
On two Wheels Motorcycles,02 4625 7518,"33 Queen St, Campbelltown, 2560",
C B W Motorcycles,07 4031 3866,"143 Scott St, Bungalow, 4870",
P And R Motorcycles,07 5479 5775,,
A L Penn Motorcycles,02 9906 8488,"44 Dickson Ave, Artarmon, 2064",
Replico Fibreglass Motorcycle Products,0412 093 165,"232 main road, mclaren vale, 5171",
Rightline Motorcycle & Mower Service,03 5852 3142,"Kyabram, 3620",
Bayswater Motorcycle Tyre Service,08 9371 1146,"Unit 8, 108 Beechboro Rd, Bayswater, 6053",
Central Coast Harley Motorcycle Tours,0414 433 818,"Wamberal, 2260",
Aussie Car Parts,07 3284 5333,,
The Party Bus,03 9308 8444,"81 Freight Dve, Somerton, 3062",
Rodeo Spares,03 9793 9600,"199 Hammond Rd, Dandenong, 3175",
Harrison Motorcycle Refinish,0415 802 734,"397 Gowan Road, Calamvale, 4116",
Classic Bike Spares,02 4938 5103,"83 Boulton Drive, Paterson, 2421",
ELITE MOTORCYCLE AND DRIVER TRAINING,0402 127 909,"6 Bramwell Road, Noranda, 6062",
Superoo Falcon Spares,08 9497 3660,,
Double Rr Motorcycles,02 9716 7777,,
Micks Motorcycles Gawler,08 8522 2618,"485 Main North Road, Evanston, 5118",
Circular Head Motorcycles,03 6452 3422,"158 Nelson St, Smithton, 7330",
Brunswick Valley Motorcycles,02 6688 4323,"101 Whian Rd, Eureka, 2480",
Northside Motorcycle Tyres & Service,07 3205 6505,"1 14 Paisley Drive, Moreton Bay, Lawnton, QLD, 4501",
All Crane Spares,03 9589 6733,"423 Balcombe Rd, Beaumaris, 3193",
Alternative Crane Spares,07 3881 2057,"Lawnton, 4501",
Global Prestige Parts,02 9832 3335,,
Alljap Auto Parts,07 3865 2221,"1860 Sandgate Road, Virginia, 4014",
Bathurst Auto Parts,02 6332 2331,"25 Kirkcaldy Street, South Bathurst, 2795",
Just Car Parts,02 9899 6616,"73/4 Hoyle Avenue, Castle Hill, 2154",
National Spare Parts,03 9644 2442,"106 Bay St, Melbourne, 3207",
Whale Motorcycle World Kawasaki,07 3808 8688,"3385 Pacific Hwy, Slacks Creek",
corser concepts motorcycle school,0414 552 781,"Princess Highway, Sydney, 2000",
Motohansa,02 9638 4488,"29 Clyde St, Rydalmere, 2116",
Antique Motorcycle Club Of Australia Inc,03 5331 3530,,
Goulburn Valley Junior Motorcycle Club Inc,03 5829 8511,"Waaia-Bearii Rd, Waaia, 3637",
Readford's Motorcycle Centre,02 6882 2888,"62-66 Victoria Street, Dubbo, 2830",
Overland Spare Parts,07 5463 8522,"6728 Cunningham Hwy, Aratula, Queensland, 4309",
Parramatta Spare Parts,02 9635 8488,"226 Great Western Hwy, Westmead, New South Wales, 2145",
Z Power Australia,1300 402 354,"272 Keira St, Wollongong, 2500",
Fry's Spares,03 9646 0994,"141 Alexander Street, Crows Nest, 2065",
Prestige Spares,03 9870 0542,,
Critechal Components,0419 401 404,"Brisbane, Edens Landing, 4207",
Dahlitz Motorcycles Pty Lrd,02 6299 0028,"28 Yass Road, Queanbeyan, 2620",
paradise motorcycles NEW location,02 9905 4755,"No 6 Green Street, Brookvale, 2100",
Gowanloch,02 9750 4346,"PO BOX 333, BELMORE, 2192",
Silverstar Spares,02 9554 3835,"KINGSWAY WEST, 2208",
One Ten Motorcycles,07 5495 3944,"Unit 2 29 Cessna Drive, Caboolture, 4510",
Scorpa Motorcycles Australia,02 9966 5562,"Unit 11, Artarmon, 2064",
Silver Star Motorcycles,07 3893 0493,"23 Burke Street, Wynnum, 4178",
Motorcycle Insurance Quotes,0431 174 081,,
Phillip Island And District Motorcycle Club,0427 787 345,,
God Squad Christian Motorcycle Club,03 9761 1400,"Units 5 & 6 30 Alchester Crescent, Boronia, 3155",
A Brisbane Motorcycle Tour,0412 073 498,"Brisbane, 4000",
Wide Line Motorcycle Engineering,03 5983 9684,"54 Davies Road, Bittern, 3918",
Orange KTM & Polaris Motorcycles,02 6360 3800,"153 Peisley St, Orange, 2800",
Action Motorcycles Gold Coast,07 5596 6622,"42 Lawrence Drv, Nerang, 4211",
Maz Maz Auto Parts,03 9357 5544,"12 Kilara Road, Campbellfield, 3061",
B & K High Country Motorcycle Adventures,0418 120 427,"PO Box 2063, Shepparton, 3630",
Whites Diesels & Spares,02 9829 2566,"19 Memorial Avenue, Ingleburn, 2565",
European Truck Parts,03 9794 7199,"26 Kitchen Rd, Dandenong, 3175",
Humber Spares & Repairs,03 9758 3644,"924 Burwood Hwy, Ferntree Gully, 3156",
Goulburn Motor Spares,02 4821 4855,"19 Bradley St, Goulburn, 2580",
Wollongong Auto Parts,02 4256 1288,"Unit 3/75, Albion Park Rail, 2527",
Magic Motorcycles,08 8088 4100,"207 Argent Street, Broken Hill, 2880",
Leongatha Motorcycles,03 5662 3670,"5 Roughead Street, Leongatha, 3953",
Goondiwindi Motorcycles,07 4671 2058,"137 Marshall Street, Goondiwindi, 4390",
Kns Spares,0402 764 358,"PO Box 717, Lakemba, 2195",
Sportcycles formerly Bikecare Motorcycle Service Centre,02 4943 2030,"2 Teran Close, Whitebridge, 2290",
Shamrock Mower & Motorcycle Repairs,02 4872 1966,"Cnr Bowral Rd & Brewster St, Mittagong, 2575",
A 1 Motorcycle Repaint & Repair,07 5527 2366,"Unit 2 15 Lawrence Drv, Nerang, 4211",
Saferider Hervey Bay Motorcycle Training,0412 602 619,"Point Vernon, Hervey Bay, 4655",
G M Spares,03 9793 1033,"10 Maxwell, Dandenong, 3175",
First Affordable Spares,03 9792 1636,"2 Linley, Dandenong, 3175",
Golden Age Spares,07 3883 1255,"Lot 5 Beach St, Redcliffe, 4020",
Small Four Spares,02 9708 5688,"1 Wordie Pl, PADSTOW",
Rodgers Lathe Spares,03 9729 6343,"36 Sydney Rd, Bayswater, 3153",
Specialised Bus Spares,0417 255 932,"1/ 63 Stanley Rd, Ingleburn, 2565",
Spot On Spares,02 4332 8755,"Coleridge Rd, Bateau Bay, 2261",
Star City Spares,02 9632 0022,"87 Larra, YENNORA",
Just Commodore Spares,08 8234 2433,"71 South Rd, Thebarton, 5031",
J & P Spares,02 4283 3055,"Unit 1/82- 86 Jardine St, Fairy Meadow, 2519",
J.D. Air Spares,0417 248 115,"Long Beach, 2536",
H.L.S. Automotive Spares,03 5335 8755,"256 Park St W, Ballarat, 3350",
Hilman Spares Sales,02 9742 5608,"16 Norfolk Rd, GREENACRE",
Bishops Bridge Spares,02 4932 8188,"743 Wollombi Rd, Bishops Bridge, 2326",
Coin Op Spares,07 3352 6600,"1/ 27 Wolverhampton Street, Stafford, 4053",
All Variety Spares,02 9600 8286,"Chipping Norton, 2170",
A.D.M. Affordable Spares,0417 368 904,"Factory 4 6 Elsum Ave, Bayswater, 3153",
A East Spares,02 9316 5122,"9- 11 Booralee St, Botany, 2019",
Speeds Holden Spares,02 6241 1516,"17 Kemble Crt, Mitchell, 2911",
Everhot National Distributor Of Spare Parts,08 9399 6934,"12 Westview Cl, Nasura, 6112",
Whittlesea Township Motorcycle Club,0419 301 171,,
American & Classic Motorcycle Hire,0419 999 155,"Brisbane, 4000",
Gateway Motorcycles,07 4153 1979,"34 Scotland Street, Bundaberg East, 4670",
Nepean Spare Parts,02 9834 1411,"St Clair Shopping Village, Bennett Rd St Clair New South Wales Australia, Clair, 2759",
Taree Spares,02 6551 0208,"30 Victoria St, Taree, 2430",
Aussie Surf Motorcycle Accessories,07 5465 3594,"P O Box 368, Laidley, 4341",
Check's Harley Rides & Motorcycle Hire,0418 504 214,"Horsham, 3400",
Australian Motorcycle Rental Pty Ltd,0413 882 972,"Bunbury, 6230",
Bendigo Hd Motorcycles,0448 830 673,,
Linhai Motorcycles Australia,03 9544 6004,"CLAYTON, 3168",
Z Power,1300 402 354,"272 Keira St, WOLLONGONG, 2500",
Riverwood Spares,02 9533 3122,"229 Belmore Rd (South), Riverwood, 2210",
AFTER DARK MOTORCYCLE TOWING,0430 747 719,"Braibrise Road, Wilson, 6107",
Finer Fork Spare Parts,03 9794 9255,"40 Mills Rd, Dandenong, 3175",
Bolton Motorcycles & Power Equipment,03 5422 2255,"10 Bourke St, Kyneton, 3444",
Central Coast Motorcycles And Scooters,02 4324 3355,,
A1 Motorcycles And Scooters Brighton,03 9563 9266,"825 Nepean Highway, Brighton, 3186",
First Auto Parts,03 9785 3333,"40 Brunel Road, Seaford, 3198",
Quickshift Motorcycles,02 4231 6969,"2/21 Princes Hwy, Albion Park Rail, NSW, 2527",
Adrenalin Trike & Motorcycle Tours,1300 664 421,"Broadbeach, 4218",
SPARES,03 9401 4366,"Epping, 3076",
Triumph Motorcycle Register Of Australia,0419 402 341,"PO Box 231, FYSHWICK, 2609",
allthumpstars.com,0421 811 637,"1/12 Reserve Road Melton Vic, Melbourne, 3337",
Perth Motorcycle And Scooter Show,08 9386 9666,"Suite 9 126 Broadway, Nedlands, 6009",
American Legends Motorcycle Adventure Tours,07 3892 2483,"P O Box 374, Moorooka, 4000",
Yanchep Mowers & Motorcycles,08 9561 1449,"Unit 10/7 Glenrothes Crs, Yanchep, 6035",
Sale Motorcycles & Mowers,03 5144 5233,"312 York Street, Sale, 3850",
Millers Mowers & Motorcycles,03 5872 1326,"Terminus St, Cobram, 3644",
Bairnsdale Mowers & Motorcycles,03 5153 1475,"479 Princes Hwy, Bairnsdale, 3875",
Albion Motorcycles & Wrecking,07 3262 1800,"15 Bogan St, Albion, 4010",
UNCLES AUTO PARTS,0401 958 748,"P O Box 172, Noble Park, 3174",
Mick Rackham British & American Motorcycle Parts,0429 931 570,"Shop 6- 8 Labuan Sq, Norlane, Victoria, 3214",
Mornington Kawasaki Motorcycles,03 5976 3800,,
Trail Truck Spares,03 9793 2899,"145 South Gippsland Hwy, Dandenong, 3175",
Turbo Motorcycle International Owners Association,07 3245 5998,"2 Macquarie St, Capalaba, 4157",
AMTRA Motorcycle Trail Riders Association,03 9513 8330,"Ringwood, 3134",
EBT Performance Motorcycle Dyno Tuning Center,02 606 707 86,"1 /16 1 / 16 Reid Street, Wodonga, VIC, 3690",
Vietnam Veterans Motorcycle Club (WA) Inc,08 9440 5353,"P O Box 1442, Wangara, 6061",
Michael Auto Parts,02 9709 8883,"53 Rosedale Avenue, Greenacre, 2190",
Suzuki Motorcycles Australia,03 9931 0500,"PO Box 84, Laverton, 3028",
Just Cruisin Motorcycle Tours,02 4294 2598,"PO Box 117, Helensburgh, 2508",
Kyatt Don Spare Parts Moorabbin,03 9555 0455,"177 Chesterville Rd, Moorabbin, 3189",
Don Kyatt Spare Parts N.s.w,02 9674 6911,"63 Powers Rd, Seven Hills, 2147",
Port Macquarie Spares,02 6583 2133,"199 Hastings River Drive, Port Macquarie, 2444",
Cj's Holden Spares,02 6299 2746,"12 Bayldon Road, Queanbeyan, 2620",
L & A Spares,02 6297 6566,"57-61 Kendall Avenue, Queanbeyan, 2620",
Riteway Motorcycle & Driving School,0418 919 863,"23 Mathews St, Mandurah, 6210",
Tully Auto Parts,07 4068 1855,"43 Bryant Street, Tully, 4854",
East Coast BM,02 6228 1855,"Unit 3/74 Townsville St, Fyshwick, 2609",
Pioneer Cycles,07 5491 5344,,
Queensland Auto Parts,07 3274 4200,,
Valiant Spares & Repairs,03 9761 5856,"Factory 3 18 Burgess Rd, Bayswater, 3153",
Citroen Repairs & Spares,07 3391 6522,"56-58 Manilla St, E Bris",
Kearsley's Spares & Repairs,03 9398 5511,"114 Pier, Alt",
Arwon Spares & Repairs,02 4423 6681,"4 Tom Thumb Ave Flinders Industrial Estate, Nowra, 2541",
Lakes Mowers & Motorcycles,03 5155 4588,"Cnr Whiters & Coats Rd, Lakes Entrance, 3909",
Triple R Motorcycles,02 4587 9699,"Unit 15 1 Calvert Blvd, Australia, 2756",
Fat Crank Motorcycles,0400 033 996,"Sydney, 2000",
F Series Spares,03 9305 2522,"92 Hume Highway, Somerton, 3062",
Range Rover Spares,07 3356 5255,"Unit 3 19 Kelvin, Newmarket",
Rare Spares Brisbane,07 3358 5900,"54-56 James, Fortitude Valley",
Star Car Parts,1300 789 369,"90A Gow Street, Padstow, 2211",
Custom Motorcycle Seats By Guzzler,0400 770 796,,
Baulkham Hills Junior Motorcycle Training Club Inc,02 9629 3170,"Commercial Rd, Kellyville, 2155",
Gympie 4WD Spares,07 5482 3900,"PO Box 761, Gympie, 4570",
R G Spares,0418 283 933,"3 Apollo Pl, Orange, 2800",
Japanese Commercial Spares,03 5278 9611,"19 Cowie St, Geelong, 3215",
Affordable Spares Brookvale,02 9938 6500,"218 Harbord Rd, Brookvale, 2100",
Wholesale Car Parts,07 3067 3679,"80 Grindle Road, Rocklea, 4106",
Palmerston 4wd Spares,08 8932 3233,"33 Georgina Crescent, Yarrawonga, 0830",
Falcon Spares & Repairs,08 8322 3277,"10 Liston Rd, LONSDALE",
Capital Parts Plus,02 6280 6277,"21 Barrier Street, Fyshwick, 2609",
Naracoorte Motorcycle & Mowers,08 8762 3977,"78 Gordon Street, Naracoorte, 5271",
EAST COAST MOTORCYCLE TRANSPORT SERVICE,0418 392 427,"Tewantin, 4565",
Select Auto Parts,03 9333 7300,"360 HUME HWY, CRAIGIEBURN, 3064",
Locate A Part,03 5282 4720,"Lara, 3212",
Shuttle Bus Parts,1300 055 206,"1/21 Central Park Drive, Yandina, 4561",
Automatic Parts Supply,03 9465 6622,"Fact 30 /350 Settlement Road, Thomastown, 3074",
Toowoomba Truck Spares,07 4633 1336,"497 - 501 Boundary Rd, TOOWOOMBA CITY, 4350",
Just Magna Spares,08 8258 2442,"87 Rundle Rd, Salisbury South, 5106",
Carey's Truck Spares,03 6427 8302,"168 Tarleton St, Devonport, 7310",
Adelaide Truck Spares,08 8243 1966,"108 Regency Rd, Ferryden Park, 5010",
Vintage Motorcycle Club Of Australia Nsw Inc,02 9520 9974,"DENISTONE EAST, 2112",
Allied Japanese Spares,03 9791 5611,"91 South Gippsland Hwy, Dandenong, 3175",
Zedz Motorcycle Brake Pad Manufacturers,03 9645 1570,"5 Boundary St, Melbourne, 3207",
Sumo Spares,02 9724 7860,"LIVERPOOL SOUTH, 2170",
Cheapa Auto Spares Currumbin,07 5525 6611,"6A Villiers Drive, Currumbin Waters, 4223",
Warrnambool Motorcycle & Gardening Products,03 5562 8577,"1055 Raglan Parade, Warrnambool, 3280",
Greenacre Suzuki Commodore Spares,02 9796 2930,"36 Claremont Ave, GREENACRE",
G M S Spares,02 9796 3444,"19 Clements Ave, Bankstown, 2200",
Classic Honda 50's Australia,0401 217 210,"PO Box W205, Cessnock West, 2325",
J P Motorcycles & Armory Longreach,07 4658 0800,"122 Spoonbill Street, Longreach, 4730",
Landrover Spares,07 5482 8722,"Bruce Highway, Gympie, 4570",
S.A. Motor Spares,08 8352 5199,"11 Holder Ave, Richmond, 5033",
ZPOWER,1300 402 354,"272 Keira St, WOLLONGONG, 2500",
The Needle & Jet,02 6581 4444,"Unit 2/144 Lake Road, Port Macquarie, 2444",
South Grafton Ex-Services Motorcycle Club Inc,0412 658 267,"Lilypool Rd, South Grafton, 2460",
Concord Spares,02 9747 4555,"31 Parramatta Rd, Concord, 2137",
Retro Bikes Australia,0410 280 675,"Mount Coolum, 4573",
FindMyPart.com.au,07 3879 2756,"P O Box 286, Salisbury, 4107",
Rushdale Motor Spares,03 9540 8666,"P.O.Box F600, Noble Park, 3174",
Antique Motor Spares,08 8268 5540,"33 Fourth St, Wingfield, 5013",
Discount European Auto Spares,1300 733 325,"GPO Box 5054, Melbourne, 3001",
Rover Triumph Spares,08 8384 6933,"7 Magna Crt, Lonsdale",
M V Spares,02 9654 2412,"171 Newton Rd, Wetherill Park, 2164",
Pro Mobile Motorcycle Maintenance,0457 990 017,"Kalamunda, Kalamunda, 6076",
Future Sport Motorcycles,07 4725 7001,,
Wild Ride Harley & Motorcycle Tours,1300 783 338,"Touring Sydney, Blue Mountains, Central Coast, Hawkesbury Valley, Hunter Valley, Penrith, 2750",
NLA Spare Parts and Restorations,03 9364 4782,"76 Balfour Avenue, Sunshine North, 3020",
Jap Diesel Spares,02 3899 1024,"P O Box 1067, Oxley, 4075",
Falcon Spares Superro,08 9497 3660,"5 Burns Road, Armadale, 6112",
Active Air Spares,07 3279 2411,"Unit 4b 29 Spine St, SUMNER, 4074",
Big Rig Spares,02 4950 1855,"6 Carbine Cl, Wallsend, 2287",
Matraville Spare Parts & Car Sales,02 9316 8733,"107 Beauchamp Rd, MATRAVILLE",
KING AUTO PARTS,0416 615 100,"50 Macbarry Place Rocklea, Qld 4106, Rocklea, 4106",
Rare Falcon Rubber Parts & Spares,07 3843 6611,"48 Henderson, Camp Hill, 4152",
A to Z Motor Parts,07 3266 4666,"8/94 Delta Street, Geebung, 4034",
Global Auto Spares,07 5524 2400,"103 Pacific Highway, Tweed Heads South, 2486",
The Motorcycle Accessory Shop,07 5596 1222,"16/39 Lawrence Drive, Nerang, 4211",
Perth Auto Parts,08 9274 1000,"7-11 Stanhope Gardens, Midvale, 6056",
Masonic Motorcycle Association of Australia,0425 755 224,"P.O. Box 366, Patterson Lakes, 3197",
Pbd Moto,07 5492 6566,"11 Daniel Street, Caloundra, 4551",
Northern Rivers Motorcycle Enthusiasts Club Inc.,07 5607 1035,"PO Box 385, Pottsville Beach, 2489",
North Motorcycle Riders Association Tasmania Inc,0411 313 598,"PO Box 241, Kings Meadows, 7249",
Viking motorcycle repairs and servicing,0450 605 353,"PO Box 4039 Eight Mile Plains 4113, Brisbane, 4113",
All Trailer Spares,07 3277 2802,"Salisbury, 4107",
Kubota Tractor Spares,07 3290 1688,"3507 Pacific Hwy, Springwood",
Just Spares & Repairs,02 9757 1355,"Unit 8/ 10 Hume Rd, Smithfield, 2164",
Jap Spares & Repairs,03 9696 1686,"162 Buckhurst, South Melbourne",
Geriatric Tractor Spares,02 6653 4311,"Pacific Hwy, Bonville, 2441",
Formaz Parts Plus,02 9725 1188,"Unit 1 21a Chifley Street, Smithfield, 2164",
West Coast Scooters And Motorcycles,08 9592 2203,"1 85 DIXON Road, Rockingham, 6168",
Attitude Motor Cycles Australia,03 5968 3612,"4 Vista Drive, Emerald, 3782",
Suzuki Magic,03 5022 7088,"119 Eighth St., Mildura, 3500",
Vee Wee Spares,03 9879 1666,"19 Maroondah Hwy, Croydon, 3136",
Gordon Stevenson Spares,03 9480 4055,"Cnr Quinn & Bruthen Sts, Preston, 3072",
Mining Equipment Spares,08 9248 1966,"64 Irvine Drv, Malaga, 6090",
Laser Maz Spares,03 9558 5346,"137 Westall Rd, Clayton South, 3169",
Ken & Sons Spares,02 9790 7933,"48-52 Fairfield Rd, PADSTOW",
Jaguar Xj40 Spares,02 9957 6828,"13 Eden, N Syd",
Greenarce Mitsubishi Spares,02 9742 5608,"16 Norfolk Rd, GREENACRE",
Ballingal MG Spares,03 9459 7002,"127 Northern Rd, Heidelberg, 3081",
Classic Holden Spares,1800 777 049,"54 James, Fortitude Valley",
Carpenter Street Spares,02 9623 5588,"12 Day, COLYTON",
Creswick and District Motorcycle Club,0408 561 286,"16 Lone Hand Road, Allendale, 3364",
Tony's R Auto Parts,02 4968 9111,"29 Wallsend Road, Sandgate, 2304",
Auto Jap Parts Plus,03 9336 3355,"59 Webber Parade, Keilor East, 3033",
Corio Auto Parts Plus,03 5278 8588,"264 Thompson Road, North Geelong, 3215",
Centrewest Motorcycle And Mower,03 5592 2480,"41 - 43 High Street, Terang, 3264",
Two Wheel Express Motorcycle Transporters,0434 231 112,"Toongabbie Nsw, Toongabbie, 2146",
Union Jack,03 9499 6428,,
Full Bore Motorcycles & Engineering,07 4128 4300,"5/8 Boat Harbour Drive, Hervey Bay, 4655",
Mullumbimby Motorcycles & Jet Skis,02 6684 3588,"Tincogan St, Mullumbimby, 2482",
Jap World Spares,02 9557 5055,"261-281 Princess Highway, St Peters, 2044",
Maxwell Motorsports,03 5883 1315,,
Pro Street Cycles,08 8387 8500,"2/8 Lindsay Road, Lonsdale, 5160",
MotoGraphix Motorcycle Decal Reproduction Service,02 9748 3164,"Rear 22 Adderley St, Lidcombe, 2141",
Hills Tractor Spares,07 4061 4433,"Cnr Station & Short Sts, Goondi Hill, 4860",
Motorcycle Service Perth - Brooklandsautomotive.com.au,0488 123 885,"U4/20 Buckingham Drive, Wangara,, Perth, 6000",
platinum parts,02 9708 1033,"32 Claremont Street, Greenacre, 2190",
V Dub Repairs & Spares,08 9433 5111,"125 South Terrace, Fremantle, 6160",
Nissan Z Spares & Repairs,0408 833 425,"4 Paran Pl, Glen Iris, 3146",
A.D. Prestige Spares & Repairs,03 9399 2811,"219 a Kororoit Creek Rd, Williamstown, 3016",
Sydney Mobile Motorcycle & Scooter Repairs,0434 969 363,"Mobile 2034, Sydney, 2000",
Motorcycle Land Ballarat,+61 3 5339 6200,"841 Howitt Street, Wendouree, 3355",
Kazuma Motorcycles,02 4285 9400,"Unit 4/609 Princes Hwy, Wollongong, 2517",
Bridgeland Motorcycles,08 8532 5722,"145 Adelaide Road, Murray Bridge, 5253",
